datetime,temp,is_not_weekend,in_session,is_not_holiday,is_not_summerbreak,load_category
2024-09-01 00:00:00,66.83,0,0,1,1,2
2024-09-01 01:00:00,64.94,0,0,1,1,2
2024-09-01 02:00:00,63.95,0,0,1,1,2
2024-09-01 03:00:00,63.14,0,0,1,1,1
2024-09-01 04:00:00,62.06,0,0,1,1,1
2024-09-01 05:00:00,61.07,0,0,1,1,1
2024-09-01 06:00:00,60.35,0,0,1,1,1
2024-09-01 07:00:00,59.63,0,0,1,1,1
2024-09-01 08:00:00,61.79,0,0,1,1,1
2024-09-01 09:00:00,66.02,0,0,1,1,1
2024-09-01 10:00:00,70.61,0,0,1,1,1
2024-09-01 11:00:00,74.84,0,0,1,1,2
2024-09-01 12:00:00,77.630005,0,0,1,1,2
2024-09-01 13:00:00,79.25,0,0,1,1,2
2024-09-01 14:00:00,80.78,0,0,1,1,2
2024-09-01 15:00:00,80.51,0,0,1,1,2
2024-09-01 16:00:00,81.05,0,0,1,1,2
2024-09-01 17:00:00,76.01,0,0,1,1,3
2024-09-01 18:00:00,77.36,0,0,1,1,3
2024-09-01 19:00:00,76.91,0,0,1,1,3
2024-09-01 20:00:00,72.32,0,0,1,1,3
2024-09-01 21:00:00,68.9,0,0,1,1,3
2024-09-01 22:00:00,66.56,0,0,1,1,3
2024-09-01 23:00:00,64.49,0,0,1,1,3
2024-09-02 00:00:00,62.96,1,0,0,1,2
2024-09-02 01:00:00,61.79,1,0,0,1,2
2024-09-02 02:00:00,60.980003,1,0,0,1,2
2024-09-02 03:00:00,60.62,1,0,0,1,1
2024-09-02 04:00:00,61.07,1,0,0,1,1
2024-09-02 05:00:00,59.719997,1,0,0,1,1
2024-09-02 06:00:00,58.37,1,0,0,1,1
2024-09-02 07:00:00,57.38,1,0,0,1,1
2024-09-02 08:00:00,57.559998,1,0,0,1,1
2024-09-02 09:00:00,59.269997,1,0,0,1,1
2024-09-02 10:00:00,62.33,1,0,0,1,1
2024-09-02 11:00:00,65.57,1,0,0,1,2
2024-09-02 12:00:00,68.09,1,0,0,1,3
2024-09-02 13:00:00,69.89,1,0,0,1,3
2024-09-02 14:00:00,71.15,1,0,0,1,3
2024-09-02 15:00:00,72.05,1,0,0,1,3
2024-09-02 16:00:00,72.23,1,0,0,1,3
2024-09-02 17:00:00,71.78,1,0,0,1,3
2024-09-02 18:00:00,70.880005,1,0,0,1,3
2024-09-02 19:00:00,68.99,1,0,0,1,2
2024-09-02 20:00:00,66.02,1,0,0,1,2
2024-09-02 21:00:00,63.59,1,0,0,1,3
2024-09-02 22:00:00,62.06,1,0,0,1,3
2024-09-02 23:00:00,60.35,1,0,0,1,3
2024-09-03 00:00:00,58.91,1,1,1,1,3
2024-09-03 01:00:00,57.559998,1,1,1,1,2
2024-09-03 02:00:00,56.21,1,1,1,1,2
2024-09-03 03:00:00,55.4,1,1,1,1,1
2024-09-03 04:00:00,54.77,1,1,1,1,1
2024-09-03 05:00:00,54.32,1,1,1,1,1
2024-09-03 06:00:00,53.6,1,1,1,1,1
2024-09-03 07:00:00,52.52,1,1,1,1,1
2024-09-03 08:00:00,53.96,1,1,1,1,1
2024-09-03 09:00:00,57.2,1,1,1,1,1
2024-09-03 10:00:00,61.519997,1,1,1,1,1
2024-09-03 11:00:00,65.119995,1,1,1,1,3
2024-09-03 12:00:00,67.82,1,1,1,1,3
2024-09-03 13:00:00,70.07,1,1,1,1,4
2024-09-03 14:00:00,71.78,1,1,1,1,4
2024-09-03 15:00:00,72.95,1,1,1,1,4
2024-09-03 16:00:00,73.49,1,1,1,1,4
2024-09-03 17:00:00,73.58,1,1,1,1,4
2024-09-03 18:00:00,72.95,1,1,1,1,4
2024-09-03 19:00:00,71.42,1,1,1,1,4
2024-09-03 20:00:00,66.74,1,1,1,1,4
2024-09-03 21:00:00,63.41,1,1,1,1,4
2024-09-03 22:00:00,62.69,1,1,1,1,4
2024-09-03 23:00:00,62.239998,1,1,1,1,3
2024-09-04 00:00:00,61.25,1,1,1,1,3
2024-09-04 01:00:00,59.81,1,1,1,1,3
2024-09-04 02:00:00,58.730003,1,1,1,1,3
2024-09-04 03:00:00,57.47,1,1,1,1,1
2024-09-04 04:00:00,56.66,1,1,1,1,1
2024-09-04 05:00:00,56.03,1,1,1,1,1
2024-09-04 06:00:00,55.4,1,1,1,1,1
2024-09-04 07:00:00,54.86,1,1,1,1,1
2024-09-04 08:00:00,56.48,1,1,1,1,1
2024-09-04 09:00:00,60.17,1,1,1,1,1
2024-09-04 10:00:00,66.02,1,1,1,1,2
2024-09-04 11:00:00,71.33,1,1,1,1,3
2024-09-04 12:00:00,75.47,1,1,1,1,3
2024-09-04 13:00:00,78.17,1,1,1,1,4
2024-09-04 14:00:00,79.61,1,1,1,1,4
2024-09-04 15:00:00,80.6,1,1,1,1,4
2024-09-04 16:00:00,81.14,1,1,1,1,4
2024-09-04 17:00:00,81.14,1,1,1,1,4
2024-09-04 18:00:00,80.6,1,1,1,1,4
2024-09-04 19:00:00,78.619995,1,1,1,1,4
2024-09-04 20:00:00,71.96,1,1,1,1,4
2024-09-04 21:00:00,71.15,1,1,1,1,4
2024-09-04 22:00:00,69.35,1,1,1,1,4
2024-09-04 23:00:00,67.1,1,1,1,1,3
2024-09-05 00:00:00,66.56,1,1,1,1,3
2024-09-05 01:00:00,67.91,1,1,1,1,3
2024-09-05 02:00:00,67.91,1,1,1,1,2
2024-09-05 03:00:00,66.92,1,1,1,1,1
2024-09-05 04:00:00,66.380005,1,1,1,1,1
2024-09-05 05:00:00,65.84,1,1,1,1,1
2024-09-05 06:00:00,65.39,1,1,1,1,1
2024-09-05 07:00:00,64.58,1,1,1,1,1
2024-09-05 08:00:00,65.3,1,1,1,1,1
2024-09-05 09:00:00,69.08,1,1,1,1,1
2024-09-05 10:00:00,72.86,1,1,1,1,1
2024-09-05 11:00:00,77,1,1,1,1,3
2024-09-05 12:00:00,80.51,1,1,1,1,4
2024-09-05 13:00:00,82.85,1,1,1,1,4
2024-09-05 14:00:00,83.39,1,1,1,1,4
2024-09-05 15:00:00,84.65,1,1,1,1,4
2024-09-05 16:00:00,85.46001,1,1,1,1,4
2024-09-05 17:00:00,85.55,1,1,1,1,4
2024-09-05 18:00:00,84.83,1,1,1,1,4
2024-09-05 19:00:00,82.76,1,1,1,1,4
2024-09-05 20:00:00,78.619995,1,1,1,1,4
2024-09-05 21:00:00,75.29,1,1,1,1,4
2024-09-05 22:00:00,73.22,1,1,1,1,4
2024-09-05 23:00:00,72.77,1,1,1,1,4
2024-09-06 00:00:00,71.96,1,1,1,1,4
2024-09-06 01:00:00,70.7,1,1,1,1,4
2024-09-06 02:00:00,69.53,1,1,1,1,4
2024-09-06 03:00:00,69.8,1,1,1,1,2
2024-09-06 04:00:00,68.72,1,1,1,1,1
2024-09-06 05:00:00,67.1,1,1,1,1,1
2024-09-06 06:00:00,65.84,1,1,1,1,1
2024-09-06 07:00:00,65.21,1,1,1,1,1
2024-09-06 08:00:00,66.02,1,1,1,1,1
2024-09-06 09:00:00,69.17,1,1,1,1,1
2024-09-06 10:00:00,71.24,1,1,1,1,1
2024-09-06 11:00:00,69.53,1,1,1,1,3
2024-09-06 12:00:00,73.22,1,1,1,1,3
2024-09-06 13:00:00,75.56,1,1,1,1,4
2024-09-06 14:00:00,74.93,1,1,1,1,4
2024-09-06 15:00:00,72.68,1,1,1,1,4
2024-09-06 16:00:00,73.49,1,1,1,1,4
2024-09-06 17:00:00,73.76,1,1,1,1,4
2024-09-06 18:00:00,72.68,1,1,1,1,4
2024-09-06 19:00:00,70.61,1,1,1,1,4
2024-09-06 20:00:00,67.73,1,1,1,1,4
2024-09-06 21:00:00,63.32,1,1,1,1,4
2024-09-06 22:00:00,61.16,1,1,1,1,3
2024-09-06 23:00:00,59.36,1,1,1,1,3
2024-09-07 00:00:00,57.83,0,0,1,1,3
2024-09-07 01:00:00,56.3,0,0,1,1,2
2024-09-07 02:00:00,55.13,0,0,1,1,2
2024-09-07 03:00:00,54.05,0,0,1,1,1
2024-09-07 04:00:00,53.15,0,0,1,1,1
2024-09-07 05:00:00,52.25,0,0,1,1,1
2024-09-07 06:00:00,51.440002,0,0,1,1,1
2024-09-07 07:00:00,50.54,0,0,1,1,1
2024-09-07 08:00:00,50.9,0,0,1,1,1
2024-09-07 09:00:00,52.7,0,0,1,1,1
2024-09-07 10:00:00,55.940002,0,0,1,1,1
2024-09-07 11:00:00,58.64,0,0,1,1,2
2024-09-07 12:00:00,61.61,0,0,1,1,3
2024-09-07 13:00:00,63.14,0,0,1,1,2
2024-09-07 14:00:00,63.68,0,0,1,1,2
2024-09-07 15:00:00,65.03,0,0,1,1,3
2024-09-07 16:00:00,64.31,0,0,1,1,3
2024-09-07 17:00:00,64.22,0,0,1,1,3
2024-09-07 18:00:00,64.85,0,0,1,1,3
2024-09-07 19:00:00,62.87,0,0,1,1,3
2024-09-07 20:00:00,59.54,0,0,1,1,3
2024-09-07 21:00:00,56.75,0,0,1,1,3
2024-09-07 22:00:00,54.95,0,0,1,1,3
2024-09-07 23:00:00,53.15,0,0,1,1,2
2024-09-08 00:00:00,51.440002,0,0,1,1,2
2024-09-08 01:00:00,49.55,0,0,1,1,3
2024-09-08 02:00:00,48.11,0,0,1,1,2
2024-09-08 03:00:00,46.58,0,0,1,1,1
2024-09-08 04:00:00,45.05,0,0,1,1,1
2024-09-08 05:00:00,44.059998,0,0,1,1,1
2024-09-08 06:00:00,43.25,0,0,1,1,1
2024-09-08 07:00:00,42.08,0,0,1,1,1
2024-09-08 08:00:00,44.6,0,0,1,1,1
2024-09-08 09:00:00,48.11,0,0,1,1,1
2024-09-08 10:00:00,53.33,0,0,1,1,1
2024-09-08 11:00:00,57.92,0,0,1,1,2
2024-09-08 12:00:00,60.980003,0,0,1,1,2
2024-09-08 13:00:00,63.230003,0,0,1,1,2
2024-09-08 14:00:00,65.119995,0,0,1,1,2
2024-09-08 15:00:00,66.65,0,0,1,1,2
2024-09-08 16:00:00,67.64,0,0,1,1,2
2024-09-08 17:00:00,68.09,0,0,1,1,3
2024-09-08 18:00:00,67.73,0,0,1,1,3
2024-09-08 19:00:00,66.380005,0,0,1,1,3
2024-09-08 20:00:00,60.17,0,0,1,1,2
2024-09-08 21:00:00,57.38,0,0,1,1,2
2024-09-08 22:00:00,55.76,0,0,1,1,3
2024-09-08 23:00:00,54.68,0,0,1,1,2
2024-09-09 00:00:00,52.7,1,1,1,1,2
2024-09-09 01:00:00,51.35,1,1,1,1,2
2024-09-09 02:00:00,50.27,1,1,1,1,2
2024-09-09 03:00:00,49.190002,1,1,1,1,1
2024-09-09 04:00:00,48.559998,1,1,1,1,1
2024-09-09 05:00:00,48.29,1,1,1,1,1
2024-09-09 06:00:00,48.559998,1,1,1,1,1
2024-09-09 07:00:00,48.65,1,1,1,1,1
2024-09-09 08:00:00,50.45,1,1,1,1,1
2024-09-09 09:00:00,54.41,1,1,1,1,1
2024-09-09 10:00:00,60.08,1,1,1,1,1
2024-09-09 11:00:00,64.94,1,1,1,1,4
2024-09-09 12:00:00,68.36,1,1,1,1,4
2024-09-09 13:00:00,70.7,1,1,1,1,4
2024-09-09 14:00:00,72.59,1,1,1,1,4
2024-09-09 15:00:00,73.94,1,1,1,1,4
2024-09-09 16:00:00,74.48,1,1,1,1,4
2024-09-09 17:00:00,74.39,1,1,1,1,4
2024-09-09 18:00:00,73.76,1,1,1,1,4
2024-09-09 19:00:00,71.78,1,1,1,1,4
2024-09-09 20:00:00,65.75,1,1,1,1,4
2024-09-09 21:00:00,63.769997,1,1,1,1,4
2024-09-09 22:00:00,61.34,1,1,1,1,4
2024-09-09 23:00:00,59.54,1,1,1,1,4
2024-09-10 00:00:00,57.92,1,1,1,1,4
2024-09-10 01:00:00,57.559998,1,1,1,1,3
2024-09-10 02:00:00,58.010002,1,1,1,1,3
2024-09-10 03:00:00,57.2,1,1,1,1,1
2024-09-10 04:00:00,55.67,1,1,1,1,1
2024-09-10 05:00:00,54.68,1,1,1,1,1
2024-09-10 06:00:00,53.96,1,1,1,1,1
2024-09-10 07:00:00,52.7,1,1,1,1,1
2024-09-10 08:00:00,54.86,1,1,1,1,1
2024-09-10 09:00:00,59.54,1,1,1,1,1
2024-09-10 10:00:00,66.47,1,1,1,1,1
2024-09-10 11:00:00,71.51,1,1,1,1,3
2024-09-10 12:00:00,74.66,1,1,1,1,3
2024-09-10 13:00:00,76.82,1,1,1,1,4
2024-09-10 14:00:00,78.44,1,1,1,1,4
2024-09-10 15:00:00,79.43,1,1,1,1,4
2024-09-10 16:00:00,79.97,1,1,1,1,4
2024-09-10 17:00:00,80.06,1,1,1,1,4
2024-09-10 18:00:00,79.52,1,1,1,1,4
2024-09-10 19:00:00,76.91,1,1,1,1,4
2024-09-10 20:00:00,76.01,1,1,1,1,4
2024-09-10 21:00:00,73.67,1,1,1,1,4
2024-09-10 22:00:00,71.33,1,1,1,1,4
2024-09-10 23:00:00,69.17,1,1,1,1,3
2024-09-11 00:00:00,64.76,1,1,1,1,3
2024-09-11 01:00:00,60.89,1,1,1,1,3
2024-09-11 02:00:00,59.63,1,1,1,1,3
2024-09-11 03:00:00,58.82,1,1,1,1,1
2024-09-11 04:00:00,59.54,1,1,1,1,1
2024-09-11 05:00:00,59.989998,1,1,1,1,1
2024-09-11 06:00:00,58.19,1,1,1,1,1
2024-09-11 07:00:00,56.3,1,1,1,1,1
2024-09-11 08:00:00,58.010002,1,1,1,1,1
2024-09-11 09:00:00,63.230003,1,1,1,1,1
2024-09-11 10:00:00,70.880005,1,1,1,1,1
2024-09-11 11:00:00,76.73,1,1,1,1,3
2024-09-11 12:00:00,79.79,1,1,1,1,3
2024-09-11 13:00:00,81.32,1,1,1,1,4
2024-09-11 14:00:00,82.4,1,1,1,1,4
2024-09-11 15:00:00,83.119995,1,1,1,1,4
2024-09-11 16:00:00,83.3,1,1,1,1,4
2024-09-11 17:00:00,83.3,1,1,1,1,4
2024-09-11 18:00:00,82.58,1,1,1,1,4
2024-09-11 19:00:00,79.34,1,1,1,1,4
2024-09-11 20:00:00,74.66,1,1,1,1,4
2024-09-11 21:00:00,72.5,1,1,1,1,4
2024-09-11 22:00:00,70.97,1,1,1,1,4
2024-09-11 23:00:00,67.73,1,1,1,1,4
2024-09-12 00:00:00,65.39,1,1,1,1,4
2024-09-12 01:00:00,64.49,1,1,1,1,3
2024-09-12 02:00:00,63.41,1,1,1,1,3
2024-09-12 03:00:00,62.510002,1,1,1,1,1
2024-09-12 04:00:00,61.969997,1,1,1,1,1
2024-09-12 05:00:00,61.43,1,1,1,1,1
2024-09-12 06:00:00,60.17,1,1,1,1,1
2024-09-12 07:00:00,59.9,1,1,1,1,1
2024-09-12 08:00:00,61.43,1,1,1,1,1
2024-09-12 09:00:00,66.29,1,1,1,1,1
2024-09-12 10:00:00,72.05,1,1,1,1,1
2024-09-12 11:00:00,77.72,1,1,1,1,3
2024-09-12 12:00:00,81.86,1,1,1,1,3
2024-09-12 13:00:00,84.65,1,1,1,1,3
2024-09-12 14:00:00,85.82,1,1,1,1,4
2024-09-12 15:00:00,86.18,1,1,1,1,4
2024-09-12 16:00:00,86,1,1,1,1,4
2024-09-12 17:00:00,85.37,1,1,1,1,4
2024-09-12 18:00:00,84.2,1,1,1,1,4
2024-09-12 19:00:00,81.77,1,1,1,1,4
2024-09-12 20:00:00,78.17,1,1,1,1,4
2024-09-12 21:00:00,77,1,1,1,1,4
2024-09-12 22:00:00,74.48,1,1,1,1,4
2024-09-12 23:00:00,71.6,1,1,1,1,3
2024-09-13 00:00:00,69.08,1,1,1,1,3
2024-09-13 01:00:00,67.46,1,1,1,1,3
2024-09-13 02:00:00,67.19,1,1,1,1,2
2024-09-13 03:00:00,66.74,1,1,1,1,1
2024-09-13 04:00:00,66.11,1,1,1,1,1
2024-09-13 05:00:00,64.76,1,1,1,1,1
2024-09-13 06:00:00,63.68,1,1,1,1,1
2024-09-13 07:00:00,62.42,1,1,1,1,1
2024-09-13 08:00:00,62.87,1,1,1,1,1
2024-09-13 09:00:00,65.66,1,1,1,1,1
2024-09-13 10:00:00,70.34,1,1,1,1,1
2024-09-13 11:00:00,74.39,1,1,1,1,3
2024-09-13 12:00:00,77.18,1,1,1,1,3
2024-09-13 13:00:00,79.25,1,1,1,1,3
2024-09-13 14:00:00,81.05,1,1,1,1,4
2024-09-13 15:00:00,82.67,1,1,1,1,4
2024-09-13 16:00:00,84.65,1,1,1,1,4
2024-09-13 17:00:00,84.38,1,1,1,1,4
2024-09-13 18:00:00,83.479996,1,1,1,1,4
2024-09-13 19:00:00,81.59,1,1,1,1,4
2024-09-13 20:00:00,75.83,1,1,1,1,4
2024-09-13 21:00:00,73.31,1,1,1,1,4
2024-09-13 22:00:00,72.86,1,1,1,1,4
2024-09-13 23:00:00,73.85,1,1,1,1,4
2024-09-14 00:00:00,72.68,0,0,1,1,4
2024-09-14 01:00:00,70.34,0,0,1,1,4
2024-09-14 02:00:00,68.72,0,0,1,1,3
2024-09-14 03:00:00,68.18,0,0,1,1,1
2024-09-14 04:00:00,68,0,0,1,1,1
2024-09-14 05:00:00,67.28,0,0,1,1,1
2024-09-14 06:00:00,66.11,0,0,1,1,1
2024-09-14 07:00:00,65.39,0,0,1,1,1
2024-09-14 08:00:00,65.66,0,0,1,1,1
2024-09-14 09:00:00,69.44,0,0,1,1,1
2024-09-14 10:00:00,73.49,0,0,1,1,1
2024-09-14 11:00:00,77.630005,0,0,1,1,2
2024-09-14 12:00:00,81.59,0,0,1,1,3
2024-09-14 13:00:00,84.2,0,0,1,1,2
2024-09-14 14:00:00,85.46001,0,0,1,1,3
2024-09-14 15:00:00,86.09,0,0,1,1,3
2024-09-14 16:00:00,86.36,0,0,1,1,3
2024-09-14 17:00:00,85.82,0,0,1,1,4
2024-09-14 18:00:00,84.28999,0,0,1,1,4
2024-09-14 19:00:00,81.95,0,0,1,1,3
2024-09-14 20:00:00,78.44,0,0,1,1,2
2024-09-14 21:00:00,77.99,0,0,1,1,2
2024-09-14 22:00:00,76.46,0,0,1,1,2
2024-09-14 23:00:00,73.76,0,0,1,1,2
2024-09-15 00:00:00,71.6,0,0,1,1,2
2024-09-15 01:00:00,70.16,0,0,1,1,2
2024-09-15 02:00:00,68.54,0,0,1,1,2
2024-09-15 03:00:00,67.73,0,0,1,1,1
2024-09-15 04:00:00,67.55,0,0,1,1,1
2024-09-15 05:00:00,67.28,0,0,1,1,1
2024-09-15 06:00:00,67.28,0,0,1,1,1
2024-09-15 07:00:00,66.92,0,0,1,1,1
2024-09-15 08:00:00,67.1,0,0,1,1,1
2024-09-15 09:00:00,69.71,0,0,1,1,1
2024-09-15 10:00:00,73.49,0,0,1,1,1
2024-09-15 11:00:00,77.09,0,0,1,1,2
2024-09-15 12:00:00,80.06,0,0,1,1,2
2024-09-15 13:00:00,82.04,0,0,1,1,2
2024-09-15 14:00:00,83.75,0,0,1,1,3
2024-09-15 15:00:00,84.83,0,0,1,1,3
2024-09-15 16:00:00,85.46001,0,0,1,1,3
2024-09-15 17:00:00,85.189995,0,0,1,1,3
2024-09-15 18:00:00,84.2,0,0,1,1,3
2024-09-15 19:00:00,81.14,0,0,1,1,3
2024-09-15 20:00:00,76.55,0,0,1,1,3
2024-09-15 21:00:00,74.57,0,0,1,1,2
2024-09-15 22:00:00,73.04,0,0,1,1,2
2024-09-15 23:00:00,71.24,0,0,1,1,2
2024-09-16 00:00:00,69.98,1,1,1,1,2
2024-09-16 01:00:00,68.54,1,1,1,1,2
2024-09-16 02:00:00,66.47,1,1,1,1,2
2024-09-16 03:00:00,63.95,1,1,1,1,1
2024-09-16 04:00:00,62.239998,1,1,1,1,1
2024-09-16 05:00:00,61.519997,1,1,1,1,1
2024-09-16 06:00:00,61.43,1,1,1,1,1
2024-09-16 07:00:00,59.989998,1,1,1,1,1
2024-09-16 08:00:00,60.17,1,1,1,1,1
2024-09-16 09:00:00,64.31,1,1,1,1,1
2024-09-16 10:00:00,69.8,1,1,1,1,1
2024-09-16 11:00:00,75.11,1,1,1,1,3
2024-09-16 12:00:00,78.89,1,1,1,1,3
2024-09-16 13:00:00,82.130005,1,1,1,1,4
2024-09-16 14:00:00,83.84,1,1,1,1,4
2024-09-16 15:00:00,84.28999,1,1,1,1,4
2024-09-16 16:00:00,84.38,1,1,1,1,4
2024-09-16 17:00:00,83.93,1,1,1,1,4
2024-09-16 18:00:00,82.67,1,1,1,1,4
2024-09-16 19:00:00,78.8,1,1,1,1,4
2024-09-16 20:00:00,71.96,1,1,1,1,4
2024-09-16 21:00:00,71.96,1,1,1,1,4
2024-09-16 22:00:00,70.52,1,1,1,1,4
2024-09-16 23:00:00,69.35,1,1,1,1,3
2024-09-17 00:00:00,67.64,1,1,1,1,3
2024-09-17 01:00:00,66.56,1,1,1,1,3
2024-09-17 02:00:00,65.39,1,1,1,1,2
2024-09-17 03:00:00,64.130005,1,1,1,1,1
2024-09-17 04:00:00,61.34,1,1,1,1,1
2024-09-17 05:00:00,59.989998,1,1,1,1,1
2024-09-17 06:00:00,58.46,1,1,1,1,1
2024-09-17 07:00:00,57.83,1,1,1,1,1
2024-09-17 08:00:00,59.09,1,1,1,1,1
2024-09-17 09:00:00,62.87,1,1,1,1,1
2024-09-17 10:00:00,69.35,1,1,1,1,1
2024-09-17 11:00:00,74.84,1,1,1,1,3
2024-09-17 12:00:00,78.26,1,1,1,1,3
2024-09-17 13:00:00,79.97,1,1,1,1,4
2024-09-17 14:00:00,81.23,1,1,1,1,4
2024-09-17 15:00:00,82.04,1,1,1,1,4
2024-09-17 16:00:00,82.4,1,1,1,1,4
2024-09-17 17:00:00,82.130005,1,1,1,1,4
2024-09-17 18:00:00,81.14,1,1,1,1,4
2024-09-17 19:00:00,77.81,1,1,1,1,4
2024-09-17 20:00:00,72.68,1,1,1,1,4
2024-09-17 21:00:00,72.14,1,1,1,1,4
2024-09-17 22:00:00,70.43,1,1,1,1,4
2024-09-17 23:00:00,67.91,1,1,1,1,4
2024-09-18 00:00:00,63.86,1,1,1,1,3
2024-09-18 01:00:00,63.05,1,1,1,1,3
2024-09-18 02:00:00,61.25,1,1,1,1,2
2024-09-18 03:00:00,59.45,1,1,1,1,1
2024-09-18 04:00:00,58.19,1,1,1,1,1
2024-09-18 05:00:00,57.29,1,1,1,1,1
2024-09-18 06:00:00,56.75,1,1,1,1,1
2024-09-18 07:00:00,56.3,1,1,1,1,1
2024-09-18 08:00:00,58.55,1,1,1,1,1
2024-09-18 09:00:00,63.59,1,1,1,1,1
2024-09-18 10:00:00,70.07,1,1,1,1,1
2024-09-18 11:00:00,74.84,1,1,1,1,3
2024-09-18 12:00:00,78.35,1,1,1,1,3
2024-09-18 13:00:00,80.78,1,1,1,1,4
2024-09-18 14:00:00,82.4,1,1,1,1,4
2024-09-18 15:00:00,83.479996,1,1,1,1,4
2024-09-18 16:00:00,83.93,1,1,1,1,4
2024-09-18 17:00:00,83.75,1,1,1,1,4
2024-09-18 18:00:00,82.94,1,1,1,1,4
2024-09-18 19:00:00,80.42,1,1,1,1,4
2024-09-18 20:00:00,75.65,1,1,1,1,4
2024-09-18 21:00:00,74.93,1,1,1,1,4
2024-09-18 22:00:00,73.130005,1,1,1,1,3
2024-09-18 23:00:00,71.15,1,1,1,1,3
2024-09-19 00:00:00,69.17,1,1,1,1,3
2024-09-19 01:00:00,68.27,1,1,1,1,3
2024-09-19 02:00:00,67.19,1,1,1,1,2
2024-09-19 03:00:00,65.93,1,1,1,1,1
2024-09-19 04:00:00,64.67,1,1,1,1,1
2024-09-19 05:00:00,64.130005,1,1,1,1,1
2024-09-19 06:00:00,63.68,1,1,1,1,1
2024-09-19 07:00:00,62.96,1,1,1,1,1
2024-09-19 08:00:00,63.230003,1,1,1,1,1
2024-09-19 09:00:00,66.65,1,1,1,1,1
2024-09-19 10:00:00,71.69,1,1,1,1,1
2024-09-19 11:00:00,77.36,1,1,1,1,3
2024-09-19 12:00:00,80.69,1,1,1,1,4
2024-09-19 13:00:00,82.85,1,1,1,1,4
2024-09-19 14:00:00,84.11,1,1,1,1,4
2024-09-19 15:00:00,84.65,1,1,1,1,4
2024-09-19 16:00:00,84.74,1,1,1,1,4
2024-09-19 17:00:00,84.38,1,1,1,1,4
2024-09-19 18:00:00,83.66,1,1,1,1,4
2024-09-19 19:00:00,80.78,1,1,1,1,4
2024-09-19 20:00:00,76.1,1,1,1,1,4
2024-09-19 21:00:00,79.43,1,1,1,1,4
2024-09-19 22:00:00,71.96,1,1,1,1,4
2024-09-19 23:00:00,72.14,1,1,1,1,3
2024-09-20 00:00:00,71.06,1,1,1,1,3
2024-09-20 01:00:00,69.35,1,1,1,1,3
2024-09-20 02:00:00,67.91,1,1,1,1,2
2024-09-20 03:00:00,66.11,1,1,1,1,1
2024-09-20 04:00:00,65.39,1,1,1,1,1
2024-09-20 05:00:00,64.130005,1,1,1,1,1
2024-09-20 06:00:00,64.4,1,1,1,1,1
2024-09-20 07:00:00,64.49,1,1,1,1,1
2024-09-20 08:00:00,65.66,1,1,1,1,1
2024-09-20 09:00:00,69.53,1,1,1,1,1
2024-09-20 10:00:00,75.02,1,1,1,1,1
2024-09-20 11:00:00,80.6,1,1,1,1,3
2024-09-20 12:00:00,84.38,1,1,1,1,3
2024-09-20 13:00:00,85.82,1,1,1,1,4
2024-09-20 14:00:00,86.9,1,1,1,1,4
2024-09-20 15:00:00,87.53,1,1,1,1,4
2024-09-20 16:00:00,87.71001,1,1,1,1,4
2024-09-20 17:00:00,87.8,1,1,1,1,4
2024-09-20 18:00:00,85.01,1,1,1,1,4
2024-09-20 19:00:00,80.96,1,1,1,1,4
2024-09-20 20:00:00,76.73,1,1,1,1,4
2024-09-20 21:00:00,76.28,1,1,1,1,4
2024-09-20 22:00:00,75.83,1,1,1,1,4
2024-09-20 23:00:00,73.94,1,1,1,1,4
2024-09-21 00:00:00,72.5,0,0,1,1,4
2024-09-21 01:00:00,71.51,0,0,1,1,4
2024-09-21 02:00:00,70.52,0,0,1,1,3
2024-09-21 03:00:00,69.17,0,0,1,1,2
2024-09-21 04:00:00,67.28,0,0,1,1,1
2024-09-21 05:00:00,65.84,0,0,1,1,1
2024-09-21 06:00:00,64.67,0,0,1,1,1
2024-09-21 07:00:00,64.49,0,0,1,1,1
2024-09-21 08:00:00,64.31,0,0,1,1,1
2024-09-21 09:00:00,70.34,0,0,1,1,1
2024-09-21 10:00:00,75.11,0,0,1,1,1
2024-09-21 11:00:00,79.61,0,0,1,1,3
2024-09-21 12:00:00,83.3,0,0,1,1,3
2024-09-21 13:00:00,85.189995,0,0,1,1,3
2024-09-21 14:00:00,86.72,0,0,1,1,3
2024-09-21 15:00:00,87.8,0,0,1,1,3
2024-09-21 16:00:00,88.43,0,0,1,1,3
2024-09-21 17:00:00,88.16,0,0,1,1,3
2024-09-21 18:00:00,87.26,0,0,1,1,2
2024-09-21 19:00:00,82.85,0,0,1,1,3
2024-09-21 20:00:00,77,0,0,1,1,3
2024-09-21 21:00:00,78.26,0,0,1,1,2
2024-09-21 22:00:00,73.94,0,0,1,1,2
2024-09-21 23:00:00,72.68,0,0,1,1,2
2024-09-22 00:00:00,71.869995,0,0,1,1,2
2024-09-22 01:00:00,71.51,0,0,1,1,3
2024-09-22 02:00:00,70.16,0,0,1,1,3
2024-09-22 03:00:00,68,0,0,1,1,1
2024-09-22 04:00:00,67.46,0,0,1,1,1
2024-09-22 05:00:00,66.47,0,0,1,1,1
2024-09-22 06:00:00,66.380005,0,0,1,1,1
2024-09-22 07:00:00,67.19,0,0,1,1,1
2024-09-22 08:00:00,67.91,0,0,1,1,1
2024-09-22 09:00:00,71.33,0,0,1,1,1
2024-09-22 10:00:00,76.64,0,0,1,1,1
2024-09-22 11:00:00,80.6,0,0,1,1,2
2024-09-22 12:00:00,73.94,0,0,1,1,2
2024-09-22 13:00:00,70.25,0,0,1,1,2
2024-09-22 14:00:00,69.98,0,0,1,1,2
2024-09-22 15:00:00,70.7,0,0,1,1,3
2024-09-22 16:00:00,72.05,0,0,1,1,3
2024-09-22 17:00:00,72.68,0,0,1,1,3
2024-09-22 18:00:00,73.4,0,0,1,1,3
2024-09-22 19:00:00,72.77,0,0,1,1,3
2024-09-22 20:00:00,71.51,0,0,1,1,3
2024-09-22 21:00:00,68.99,0,0,1,1,3
2024-09-22 22:00:00,67.55,0,0,1,1,3
2024-09-22 23:00:00,68,0,0,1,1,3
2024-09-23 00:00:00,68,1,1,1,1,3
2024-09-23 01:00:00,67.46,1,1,1,1,3
2024-09-23 02:00:00,66.74,1,1,1,1,3
2024-09-23 03:00:00,66.2,1,1,1,1,2
2024-09-23 04:00:00,64.58,1,1,1,1,1
2024-09-23 05:00:00,63.32,1,1,1,1,1
2024-09-23 06:00:00,63.32,1,1,1,1,1
2024-09-23 07:00:00,62.780003,1,1,1,1,1
2024-09-23 08:00:00,63.14,1,1,1,1,1
2024-09-23 09:00:00,64.58,1,1,1,1,1
2024-09-23 10:00:00,66.02,1,1,1,1,1
2024-09-23 11:00:00,67.82,1,1,1,1,4
2024-09-23 12:00:00,69.98,1,1,1,1,4
2024-09-23 13:00:00,71.96,1,1,1,1,4
2024-09-23 14:00:00,73.58,1,1,1,1,4
2024-09-23 15:00:00,75.380005,1,1,1,1,4
2024-09-23 16:00:00,75.47,1,1,1,1,4
2024-09-23 17:00:00,75.380005,1,1,1,1,4
2024-09-23 18:00:00,73.85,1,1,1,1,4
2024-09-23 19:00:00,69.8,1,1,1,1,4
2024-09-23 20:00:00,68,1,1,1,1,4
2024-09-23 21:00:00,66.74,1,1,1,1,4
2024-09-23 22:00:00,66.47,1,1,1,1,4
2024-09-23 23:00:00,66.29,1,1,1,1,4
2024-09-24 00:00:00,65.84,1,1,1,1,3
2024-09-24 01:00:00,64.85,1,1,1,1,3
2024-09-24 02:00:00,64.4,1,1,1,1,3
2024-09-24 03:00:00,64.76,1,1,1,1,2
2024-09-24 04:00:00,64.31,1,1,1,1,1
2024-09-24 05:00:00,64.67,1,1,1,1,1
2024-09-24 06:00:00,64.76,1,1,1,1,1
2024-09-24 07:00:00,64.4,1,1,1,1,1
2024-09-24 08:00:00,64.22,1,1,1,1,1
2024-09-24 09:00:00,67.55,1,1,1,1,1
2024-09-24 10:00:00,68,1,1,1,1,1
2024-09-24 11:00:00,69.8,1,1,1,1,3
2024-09-24 12:00:00,69.71,1,1,1,1,3
2024-09-24 13:00:00,73.58,1,1,1,1,4
2024-09-24 14:00:00,76.1,1,1,1,1,4
2024-09-24 15:00:00,72.05,1,1,1,1,4
2024-09-24 16:00:00,74.57,1,1,1,1,4
2024-09-24 17:00:00,70.16,1,1,1,1,4
2024-09-24 18:00:00,72.14,1,1,1,1,4
2024-09-24 19:00:00,68.45,1,1,1,1,4
2024-09-24 20:00:00,66.65,1,1,1,1,4
2024-09-24 21:00:00,66.83,1,1,1,1,4
2024-09-24 22:00:00,65.03,1,1,1,1,4
2024-09-24 23:00:00,63.5,1,1,1,1,4
2024-09-25 00:00:00,62.6,1,1,1,1,4
2024-09-25 01:00:00,61.61,1,1,1,1,3
2024-09-25 02:00:00,60.530003,1,1,1,1,3
2024-09-25 03:00:00,59.719997,1,1,1,1,1
2024-09-25 04:00:00,59,1,1,1,1,1
2024-09-25 05:00:00,58.55,1,1,1,1,1
2024-09-25 06:00:00,57.83,1,1,1,1,1
2024-09-25 07:00:00,57.02,1,1,1,1,1
2024-09-25 08:00:00,58.46,1,1,1,1,1
2024-09-25 09:00:00,62.42,1,1,1,1,1
2024-09-25 10:00:00,63.86,1,1,1,1,1
2024-09-25 11:00:00,66.65,1,1,1,1,4
2024-09-25 12:00:00,68.630005,1,1,1,1,4
2024-09-25 13:00:00,70.34,1,1,1,1,4
2024-09-25 14:00:00,71.15,1,1,1,1,4
2024-09-25 15:00:00,72.32,1,1,1,1,4
2024-09-25 16:00:00,71.869995,1,1,1,1,4
2024-09-25 17:00:00,71.06,1,1,1,1,4
2024-09-25 18:00:00,68.9,1,1,1,1,4
2024-09-25 19:00:00,67.46,1,1,1,1,4
2024-09-25 20:00:00,64.58,1,1,1,1,4
2024-09-25 21:00:00,62.06,1,1,1,1,4
2024-09-25 22:00:00,60.62,1,1,1,1,3
2024-09-25 23:00:00,59.63,1,1,1,1,4
2024-09-26 00:00:00,58.64,1,1,1,1,3
2024-09-26 01:00:00,58.64,1,1,1,1,3
2024-09-26 02:00:00,58.91,1,1,1,1,3
2024-09-26 03:00:00,58.64,1,1,1,1,1
2024-09-26 04:00:00,58.37,1,1,1,1,1
2024-09-26 05:00:00,58.010002,1,1,1,1,1
2024-09-26 06:00:00,57.65,1,1,1,1,1
2024-09-26 07:00:00,57.29,1,1,1,1,1
2024-09-26 08:00:00,57.47,1,1,1,1,1
2024-09-26 09:00:00,60.44,1,1,1,1,1
2024-09-26 10:00:00,64.04,1,1,1,1,1
2024-09-26 11:00:00,69.44,1,1,1,1,3
2024-09-26 12:00:00,73.76,1,1,1,1,3
2024-09-26 13:00:00,76.46,1,1,1,1,4
2024-09-26 14:00:00,77.72,1,1,1,1,4
2024-09-26 15:00:00,77.45,1,1,1,1,4
2024-09-26 16:00:00,75.83,1,1,1,1,4
2024-09-26 17:00:00,73.4,1,1,1,1,4
2024-09-26 18:00:00,71.78,1,1,1,1,4
2024-09-26 19:00:00,70.34,1,1,1,1,4
2024-09-26 20:00:00,69.26,1,1,1,1,4
2024-09-26 21:00:00,67.28,1,1,1,1,4
2024-09-26 22:00:00,66.92,1,1,1,1,4
2024-09-26 23:00:00,66.02,1,1,1,1,3
2024-09-27 00:00:00,65.3,1,1,1,1,3
2024-09-27 01:00:00,65.03,1,1,1,1,3
2024-09-27 02:00:00,64.67,1,1,1,1,3
2024-09-27 03:00:00,63.86,1,1,1,1,1
2024-09-27 04:00:00,63.86,1,1,1,1,1
2024-09-27 05:00:00,63.95,1,1,1,1,1
2024-09-27 06:00:00,63.95,1,1,1,1,1
2024-09-27 07:00:00,63.95,1,1,1,1,1
2024-09-27 08:00:00,64.04,1,1,1,1,2
2024-09-27 09:00:00,65.03,1,1,1,1,1
2024-09-27 10:00:00,65.3,1,1,1,1,2
2024-09-27 11:00:00,65.84,1,1,1,1,4
2024-09-27 12:00:00,66.56,1,1,1,1,4
2024-09-27 13:00:00,66.65,1,1,1,1,4
2024-09-27 14:00:00,68.54,1,1,1,1,4
2024-09-27 15:00:00,69.89,1,1,1,1,4
2024-09-27 16:00:00,69.89,1,1,1,1,4
2024-09-27 17:00:00,67.369995,1,1,1,1,4
2024-09-27 18:00:00,67.73,1,1,1,1,4
2024-09-27 19:00:00,68.630005,1,1,1,1,4
2024-09-27 20:00:00,69.35,1,1,1,1,4
2024-09-27 21:00:00,69.35,1,1,1,1,4
2024-09-27 22:00:00,68.72,1,1,1,1,4
2024-09-27 23:00:00,68.45,1,1,1,1,4
2024-09-28 00:00:00,68.09,0,0,1,1,4
2024-09-28 01:00:00,67.46,0,0,1,1,3
2024-09-28 02:00:00,66.65,0,0,1,1,3
2024-09-28 03:00:00,65.39,0,0,1,1,2
2024-09-28 04:00:00,64.85,0,0,1,1,1
2024-09-28 05:00:00,65.93,0,0,1,1,1
2024-09-28 06:00:00,65.57,0,0,1,1,1
2024-09-28 07:00:00,65.75,0,0,1,1,1
2024-09-28 08:00:00,65.39,0,0,1,1,1
2024-09-28 09:00:00,65.75,0,0,1,1,1
2024-09-28 10:00:00,67.01,0,0,1,1,1
2024-09-28 11:00:00,69.44,0,0,1,1,3
2024-09-28 12:00:00,71.69,0,0,1,1,3
2024-09-28 13:00:00,72.77,0,0,1,1,3
2024-09-28 14:00:00,73.31,0,0,1,1,3
2024-09-28 15:00:00,72.23,0,0,1,1,3
2024-09-28 16:00:00,70.34,0,0,1,1,3
2024-09-28 17:00:00,69.08,0,0,1,1,2
2024-09-28 18:00:00,68.09,0,0,1,1,3
2024-09-28 19:00:00,67.369995,0,0,1,1,3
2024-09-28 20:00:00,66.83,0,0,1,1,3
2024-09-28 21:00:00,66.2,0,0,1,1,3
2024-09-28 22:00:00,65.84,0,0,1,1,3
2024-09-28 23:00:00,65.57,0,0,1,1,3
2024-09-29 00:00:00,65.48,0,0,1,1,2
2024-09-29 01:00:00,65.3,0,0,1,1,3
2024-09-29 02:00:00,64.85,0,0,1,1,3
2024-09-29 03:00:00,65.03,0,0,1,1,1
2024-09-29 04:00:00,64.76,0,0,1,1,1
2024-09-29 05:00:00,64.85,0,0,1,1,1
2024-09-29 06:00:00,64.85,0,0,1,1,1
2024-09-29 07:00:00,65.119995,0,0,1,1,1
2024-09-29 08:00:00,65.3,0,0,1,1,1
2024-09-29 09:00:00,65.66,0,0,1,1,1
2024-09-29 10:00:00,65.93,0,0,1,1,2
2024-09-29 11:00:00,66.83,0,0,1,1,3
2024-09-29 12:00:00,67.369995,0,0,1,1,3
2024-09-29 13:00:00,68.36,0,0,1,1,4
2024-09-29 14:00:00,69.89,0,0,1,1,3
2024-09-29 15:00:00,69.89,0,0,1,1,4
2024-09-29 16:00:00,70.79,0,0,1,1,4
2024-09-29 17:00:00,71.96,0,0,1,1,4
2024-09-29 18:00:00,70.61,0,0,1,1,4
2024-09-29 19:00:00,69.08,0,0,1,1,4
2024-09-29 20:00:00,67.91,0,0,1,1,4
2024-09-29 21:00:00,67.28,0,0,1,1,4
2024-09-29 22:00:00,66.29,0,0,1,1,4
2024-09-29 23:00:00,66.2,0,0,1,1,4
2024-09-30 00:00:00,66.47,1,1,1,1,4
2024-09-30 01:00:00,66.2,1,1,1,1,4
2024-09-30 02:00:00,66.02,1,1,1,1,4
2024-09-30 03:00:00,66.11,1,1,1,1,3
2024-09-30 04:00:00,66.11,1,1,1,1,2
2024-09-30 05:00:00,66.02,1,1,1,1,2
2024-09-30 06:00:00,66.11,1,1,1,1,1
2024-09-30 07:00:00,65.75,1,1,1,1,1
2024-09-30 08:00:00,65.93,1,1,1,1,2
2024-09-30 09:00:00,67.01,1,1,1,1,1
2024-09-30 10:00:00,68.630005,1,1,1,1,2
2024-09-30 11:00:00,70.25,1,1,1,1,3
2024-09-30 12:00:00,72.05,1,1,1,1,4
2024-09-30 13:00:00,73.22,1,1,1,1,4
2024-09-30 14:00:00,74.93,1,1,1,1,4
2024-09-30 15:00:00,75.47,1,1,1,1,4
2024-09-30 16:00:00,75.47,1,1,1,1,4
2024-09-30 17:00:00,74.3,1,1,1,1,4
2024-09-30 18:00:00,73.76,1,1,1,1,4
2024-09-30 19:00:00,71.96,1,1,1,1,4
2024-09-30 20:00:00,68.99,1,1,1,1,4
2024-09-30 21:00:00,68.45,1,1,1,1,4
2024-09-30 22:00:00,66.29,1,1,1,1,4
2024-09-30 23:00:00,64.85,1,1,1,1,3
2024-10-01 00:00:00,63.32,1,1,1,1,4
2024-10-01 01:00:00,62.69,1,1,1,1,3
2024-10-01 02:00:00,61.519997,1,1,1,1,3
2024-10-01 03:00:00,60.71,1,1,1,1,1
2024-10-01 04:00:00,60.35,1,1,1,1,1
2024-10-01 05:00:00,59.81,1,1,1,1,1
2024-10-01 06:00:00,59.63,1,1,1,1,1
2024-10-01 07:00:00,59.9,1,1,1,1,1
2024-10-01 08:00:00,62.33,1,1,1,1,2
2024-10-01 09:00:00,64.58,1,1,1,1,2
2024-10-01 10:00:00,67.73,1,1,1,1,2
2024-10-01 11:00:00,70.61,1,1,1,1,4
2024-10-01 12:00:00,72.95,1,1,1,1,4
2024-10-01 13:00:00,74.119995,1,1,1,1,4
2024-10-01 14:00:00,74.93,1,1,1,1,4
2024-10-01 15:00:00,75.02,1,1,1,1,4
2024-10-01 16:00:00,73.49,1,1,1,1,4
2024-10-01 17:00:00,71.24,1,1,1,1,4
2024-10-01 18:00:00,67.19,1,1,1,1,4
2024-10-01 19:00:00,64.76,1,1,1,1,4
2024-10-01 20:00:00,63.41,1,1,1,1,4
2024-10-01 21:00:00,61.34,1,1,1,1,4
2024-10-01 22:00:00,58.010002,1,1,1,1,4
2024-10-01 23:00:00,56.3,1,1,1,1,3
2024-10-02 00:00:00,54.23,1,1,1,1,3
2024-10-02 01:00:00,52.88,1,1,1,1,3
2024-10-02 02:00:00,51.71,1,1,1,1,3
2024-10-02 03:00:00,50.99,1,1,1,1,1
2024-10-02 04:00:00,49.91,1,1,1,1,1
2024-10-02 05:00:00,49.190002,1,1,1,1,1
2024-10-02 06:00:00,48.559998,1,1,1,1,1
2024-10-02 07:00:00,46.76,1,1,1,1,1
2024-10-02 08:00:00,46.13,1,1,1,1,1
2024-10-02 09:00:00,50.27,1,1,1,1,1
2024-10-02 10:00:00,54.5,1,1,1,1,1
2024-10-02 11:00:00,58.19,1,1,1,1,3
2024-10-02 12:00:00,61.07,1,1,1,1,3
2024-10-02 13:00:00,63.05,1,1,1,1,3
2024-10-02 14:00:00,64.31,1,1,1,1,4
2024-10-02 15:00:00,65.119995,1,1,1,1,4
2024-10-02 16:00:00,65.48,1,1,1,1,4
2024-10-02 17:00:00,65.48,1,1,1,1,4
2024-10-02 18:00:00,64.85,1,1,1,1,4
2024-10-02 19:00:00,62.33,1,1,1,1,4
2024-10-02 20:00:00,58.91,1,1,1,1,4
2024-10-02 21:00:00,56.93,1,1,1,1,4
2024-10-02 22:00:00,55.04,1,1,1,1,4
2024-10-02 23:00:00,54.14,1,1,1,1,3
2024-10-03 00:00:00,54.14,1,1,1,1,3
2024-10-03 01:00:00,53.33,1,1,1,1,3
2024-10-03 02:00:00,51.8,1,1,1,1,3
2024-10-03 03:00:00,50.45,1,1,1,1,1
2024-10-03 04:00:00,49.82,1,1,1,1,1
2024-10-03 05:00:00,49.28,1,1,1,1,1
2024-10-03 06:00:00,48.559998,1,1,1,1,1
2024-10-03 07:00:00,48.02,1,1,1,1,1
2024-10-03 08:00:00,48.83,1,1,1,1,1
2024-10-03 09:00:00,53.96,1,1,1,1,1
2024-10-03 10:00:00,60.530003,1,1,1,1,1
2024-10-03 11:00:00,65.3,1,1,1,1,3
2024-10-03 12:00:00,68.09,1,1,1,1,4
2024-10-03 13:00:00,69.8,1,1,1,1,4
2024-10-03 14:00:00,71.15,1,1,1,1,4
2024-10-03 15:00:00,72.14,1,1,1,1,4
2024-10-03 16:00:00,72.59,1,1,1,1,4
2024-10-03 17:00:00,72.41,1,1,1,1,4
2024-10-03 18:00:00,71.06,1,1,1,1,4
2024-10-03 19:00:00,69.98,1,1,1,1,4
2024-10-03 20:00:00,67.46,1,1,1,1,4
2024-10-03 21:00:00,65.48,1,1,1,1,4
2024-10-03 22:00:00,59.719997,1,1,1,1,4
2024-10-03 23:00:00,57.2,1,1,1,1,3
2024-10-04 00:00:00,56.12,1,1,1,1,3
2024-10-04 01:00:00,55.309998,1,1,1,1,3
2024-10-04 02:00:00,53.87,1,1,1,1,3
2024-10-04 03:00:00,53.24,1,1,1,1,1
2024-10-04 04:00:00,54.86,1,1,1,1,1
2024-10-04 05:00:00,57.47,1,1,1,1,1
2024-10-04 06:00:00,56.48,1,1,1,1,1
2024-10-04 07:00:00,55.940002,1,1,1,1,1
2024-10-04 08:00:00,55.13,1,1,1,1,1
2024-10-04 09:00:00,56.84,1,1,1,1,1
2024-10-04 10:00:00,62.96,1,1,1,1,1
2024-10-04 11:00:00,68.09,1,1,1,1,3
2024-10-04 12:00:00,71.33,1,1,1,1,3
2024-10-04 13:00:00,73.130005,1,1,1,1,4
2024-10-04 14:00:00,73.49,1,1,1,1,4
2024-10-04 15:00:00,74.66,1,1,1,1,4
2024-10-04 16:00:00,74.93,1,1,1,1,4
2024-10-04 17:00:00,74.75,1,1,1,1,4
2024-10-04 18:00:00,73.31,1,1,1,1,4
2024-10-04 19:00:00,68.45,1,1,1,1,4
2024-10-04 20:00:00,65.39,1,1,1,1,4
2024-10-04 21:00:00,65.57,1,1,1,1,3
2024-10-04 22:00:00,63.95,1,1,1,1,3
2024-10-04 23:00:00,62.33,1,1,1,1,3
2024-10-05 00:00:00,60.62,0,0,1,1,2
2024-10-05 01:00:00,59.719997,0,0,1,1,2
2024-10-05 02:00:00,59.09,0,0,1,1,2
2024-10-05 03:00:00,58.19,0,0,1,1,1
2024-10-05 04:00:00,57.739998,0,0,1,1,1
2024-10-05 05:00:00,58.19,0,0,1,1,1
2024-10-05 06:00:00,58.19,0,0,1,1,1
2024-10-05 07:00:00,58.64,0,0,1,1,1
2024-10-05 08:00:00,58.91,0,0,1,1,1
2024-10-05 09:00:00,59.36,0,0,1,1,1
2024-10-05 10:00:00,61.25,0,0,1,1,1
2024-10-05 11:00:00,64.85,0,0,1,1,2
2024-10-05 12:00:00,68.36,0,0,1,1,2
2024-10-05 13:00:00,72.23,0,0,1,1,2
2024-10-05 14:00:00,74.57,0,0,1,1,2
2024-10-05 15:00:00,75.74,0,0,1,1,2
2024-10-05 16:00:00,76.369995,0,0,1,1,2
2024-10-05 17:00:00,76.1,0,0,1,1,2
2024-10-05 18:00:00,74.84,0,0,1,1,2
2024-10-05 19:00:00,71.06,0,0,1,1,2
2024-10-05 20:00:00,68.36,0,0,1,1,2
2024-10-05 21:00:00,68.54,0,0,1,1,2
2024-10-05 22:00:00,68.45,0,0,1,1,2
2024-10-05 23:00:00,68.27,0,0,1,1,2
2024-10-06 00:00:00,68.18,0,0,1,1,2
2024-10-06 01:00:00,67.46,0,0,1,1,3
2024-10-06 02:00:00,67.1,0,0,1,1,2
2024-10-06 03:00:00,66.74,0,0,1,1,1
2024-10-06 04:00:00,66.2,0,0,1,1,1
2024-10-06 05:00:00,65.75,0,0,1,1,1
2024-10-06 06:00:00,65.03,0,0,1,1,1
2024-10-06 07:00:00,64.58,0,0,1,1,1
2024-10-06 08:00:00,64.67,0,0,1,1,1
2024-10-06 09:00:00,68.09,0,0,1,1,1
2024-10-06 10:00:00,70.880005,0,0,1,1,1
2024-10-06 11:00:00,73.58,0,0,1,1,2
2024-10-06 12:00:00,75.47,0,0,1,1,2
2024-10-06 13:00:00,76.369995,0,0,1,1,2
2024-10-06 14:00:00,77.18,0,0,1,1,2
2024-10-06 15:00:00,77,0,0,1,1,3
2024-10-06 16:00:00,76.01,0,0,1,1,3
2024-10-06 17:00:00,74.48,0,0,1,1,3
2024-10-06 18:00:00,72.32,0,0,1,1,3
2024-10-06 19:00:00,68.99,0,0,1,1,2
2024-10-06 20:00:00,66.29,0,0,1,1,2
2024-10-06 21:00:00,65.84,0,0,1,1,2
2024-10-06 22:00:00,63.5,0,0,1,1,2
2024-10-06 23:00:00,60.08,0,0,1,1,2
2024-10-07 00:00:00,57.92,1,0,0,1,2
2024-10-07 01:00:00,56.3,1,0,0,1,2
2024-10-07 02:00:00,54.77,1,0,0,1,2
2024-10-07 03:00:00,53.24,1,0,0,1,1
2024-10-07 04:00:00,51.89,1,0,0,1,1
2024-10-07 05:00:00,50.36,1,0,0,1,1
2024-10-07 06:00:00,48.11,1,0,0,1,1
2024-10-07 07:00:00,46.58,1,0,0,1,1
2024-10-07 08:00:00,46.13,1,0,0,1,1
2024-10-07 09:00:00,50.809998,1,0,0,1,1
2024-10-07 10:00:00,55.309998,1,0,0,1,1
2024-10-07 11:00:00,58.46,1,0,0,1,2
2024-10-07 12:00:00,60.260002,1,0,0,1,3
2024-10-07 13:00:00,61.88,1,0,0,1,3
2024-10-07 14:00:00,63.32,1,0,0,1,3
2024-10-07 15:00:00,64.4,1,0,0,1,3
2024-10-07 16:00:00,64.85,1,0,0,1,3
2024-10-07 17:00:00,64.58,1,0,0,1,4
2024-10-07 18:00:00,63.5,1,0,0,1,3
2024-10-07 19:00:00,59.989998,1,0,0,1,3
2024-10-07 20:00:00,56.93,1,0,0,1,3
2024-10-07 21:00:00,57.11,1,0,0,1,3
2024-10-07 22:00:00,56.3,1,0,0,1,3
2024-10-07 23:00:00,53.87,1,0,0,1,3
2024-10-08 00:00:00,51.17,1,0,0,1,3
2024-10-08 01:00:00,49.46,1,0,0,1,2
2024-10-08 02:00:00,46.940002,1,0,0,1,2
2024-10-08 03:00:00,45.05,1,0,0,1,1
2024-10-08 04:00:00,44.059998,1,0,0,1,1
2024-10-08 05:00:00,45.32,1,0,0,1,1
2024-10-08 06:00:00,47.12,1,0,0,1,1
2024-10-08 07:00:00,47.03,1,0,0,1,1
2024-10-08 08:00:00,46.76,1,0,0,1,1
2024-10-08 09:00:00,46.85,1,0,0,1,1
2024-10-08 10:00:00,52.88,1,0,0,1,1
2024-10-08 11:00:00,57.559998,1,0,0,1,2
2024-10-08 12:00:00,61.07,1,0,0,1,3
2024-10-08 13:00:00,63.41,1,0,0,1,2
2024-10-08 14:00:00,65.03,1,0,0,1,2
2024-10-08 15:00:00,66.11,1,0,0,1,3
2024-10-08 16:00:00,66.65,1,0,0,1,3
2024-10-08 17:00:00,66.56,1,0,0,1,3
2024-10-08 18:00:00,65.3,1,0,0,1,3
2024-10-08 19:00:00,58.82,1,0,0,1,3
2024-10-08 20:00:00,55.940002,1,0,0,1,3
2024-10-08 21:00:00,55.940002,1,0,0,1,3
2024-10-08 22:00:00,55.22,1,0,0,1,3
2024-10-08 23:00:00,53.96,1,0,0,1,2
2024-10-09 00:00:00,52.43,1,1,1,1,2
2024-10-09 01:00:00,51.62,1,1,1,1,2
2024-10-09 02:00:00,48.559998,1,1,1,1,2
2024-10-09 03:00:00,47.12,1,1,1,1,1
2024-10-09 04:00:00,46.67,1,1,1,1,1
2024-10-09 05:00:00,46.58,1,1,1,1,1
2024-10-09 06:00:00,45.5,1,1,1,1,1
2024-10-09 07:00:00,44.78,1,1,1,1,1
2024-10-09 08:00:00,44.6,1,1,1,1,1
2024-10-09 09:00:00,49.190002,1,1,1,1,1
2024-10-09 10:00:00,55.13,1,1,1,1,1
2024-10-09 11:00:00,59.989998,1,1,1,1,3
2024-10-09 12:00:00,63.41,1,1,1,1,3
2024-10-09 13:00:00,65.66,1,1,1,1,3
2024-10-09 14:00:00,67.28,1,1,1,1,4
2024-10-09 15:00:00,68.27,1,1,1,1,4
2024-10-09 16:00:00,68.9,1,1,1,1,4
2024-10-09 17:00:00,68.72,1,1,1,1,4
2024-10-09 18:00:00,67.46,1,1,1,1,4
2024-10-09 19:00:00,61.79,1,1,1,1,4
2024-10-09 20:00:00,58.46,1,1,1,1,4
2024-10-09 21:00:00,58.19,1,1,1,1,3
2024-10-09 22:00:00,56.12,1,1,1,1,3
2024-10-09 23:00:00,54.14,1,1,1,1,3
2024-10-10 00:00:00,52.43,1,1,1,1,3
2024-10-10 01:00:00,50.9,1,1,1,1,3
2024-10-10 02:00:00,49.64,1,1,1,1,3
2024-10-10 03:00:00,48.559998,1,1,1,1,1
2024-10-10 04:00:00,47.93,1,1,1,1,1
2024-10-10 05:00:00,47.48,1,1,1,1,1
2024-10-10 06:00:00,47.12,1,1,1,1,1
2024-10-10 07:00:00,46.76,1,1,1,1,1
2024-10-10 08:00:00,46.4,1,1,1,1,1
2024-10-10 09:00:00,49.28,1,1,1,1,1
2024-10-10 10:00:00,54.5,1,1,1,1,1
2024-10-10 11:00:00,59.719997,1,1,1,1,3
2024-10-10 12:00:00,63.68,1,1,1,1,2
2024-10-10 13:00:00,65.75,1,1,1,1,3
2024-10-10 14:00:00,66.92,1,1,1,1,4
2024-10-10 15:00:00,67.46,1,1,1,1,4
2024-10-10 16:00:00,67.64,1,1,1,1,4
2024-10-10 17:00:00,67.19,1,1,1,1,4
2024-10-10 18:00:00,66.02,1,1,1,1,4
2024-10-10 19:00:00,59.36,1,1,1,1,4
2024-10-10 20:00:00,56.21,1,1,1,1,4
2024-10-10 21:00:00,56.03,1,1,1,1,3
2024-10-10 22:00:00,54.5,1,1,1,1,3
2024-10-10 23:00:00,53.059998,1,1,1,1,3
2024-10-11 00:00:00,51.98,1,1,1,1,3
2024-10-11 01:00:00,51.08,1,1,1,1,2
2024-10-11 02:00:00,50.63,1,1,1,1,2
2024-10-11 03:00:00,50.36,1,1,1,1,1
2024-10-11 04:00:00,49.82,1,1,1,1,1
2024-10-11 05:00:00,49.1,1,1,1,1,1
2024-10-11 06:00:00,48.74,1,1,1,1,1
2024-10-11 07:00:00,48.47,1,1,1,1,1
2024-10-11 08:00:00,48.38,1,1,1,1,1
2024-10-11 09:00:00,51.17,1,1,1,1,1
2024-10-11 10:00:00,56.48,1,1,1,1,1
2024-10-11 11:00:00,62.239998,1,1,1,1,3
2024-10-11 12:00:00,67.01,1,1,1,1,3
2024-10-11 13:00:00,70.34,1,1,1,1,4
2024-10-11 14:00:00,72.41,1,1,1,1,4
2024-10-11 15:00:00,73.76,1,1,1,1,4
2024-10-11 16:00:00,74.48,1,1,1,1,4
2024-10-11 17:00:00,74.39,1,1,1,1,4
2024-10-11 18:00:00,72.77,1,1,1,1,4
2024-10-11 19:00:00,67.369995,1,1,1,1,4
2024-10-11 20:00:00,64.58,1,1,1,1,4
2024-10-11 21:00:00,63.68,1,1,1,1,4
2024-10-11 22:00:00,62.42,1,1,1,1,4
2024-10-11 23:00:00,61.34,1,1,1,1,3
2024-10-12 00:00:00,60.71,0,0,1,1,3
2024-10-12 01:00:00,60.530003,0,0,1,1,3
2024-10-12 02:00:00,59.9,0,0,1,1,3
2024-10-12 03:00:00,59.18,0,0,1,1,1
2024-10-12 04:00:00,58.37,0,0,1,1,1
2024-10-12 05:00:00,58.010002,0,0,1,1,1
2024-10-12 06:00:00,57.2,0,0,1,1,1
2024-10-12 07:00:00,55.58,0,0,1,1,1
2024-10-12 08:00:00,54.5,0,0,1,1,1
2024-10-12 09:00:00,58.55,0,0,1,1,1
2024-10-12 10:00:00,62.6,0,0,1,1,1
2024-10-12 11:00:00,66.83,0,0,1,1,2
2024-10-12 12:00:00,70.880005,0,0,1,1,2
2024-10-12 13:00:00,73.49,0,0,1,1,2
2024-10-12 14:00:00,75.2,0,0,1,1,2
2024-10-12 15:00:00,76.91,0,0,1,1,2
2024-10-12 16:00:00,77.9,0,0,1,1,2
2024-10-12 17:00:00,77.27,0,0,1,1,2
2024-10-12 18:00:00,76.19,0,0,1,1,2
2024-10-12 19:00:00,73.22,0,0,1,1,2
2024-10-12 20:00:00,70.97,0,0,1,1,3
2024-10-12 21:00:00,70.25,0,0,1,1,3
2024-10-12 22:00:00,70.07,0,0,1,1,3
2024-10-12 23:00:00,68.81,0,0,1,1,3
2024-10-13 00:00:00,67.73,0,0,1,1,3
2024-10-13 01:00:00,66.56,0,0,1,1,3
2024-10-13 02:00:00,65.39,0,0,1,1,2
2024-10-13 03:00:00,64.85,0,0,1,1,1
2024-10-13 04:00:00,65.48,0,0,1,1,1
2024-10-13 05:00:00,65.39,0,0,1,1,1
2024-10-13 06:00:00,65.48,0,0,1,1,1
2024-10-13 07:00:00,65.39,0,0,1,1,1
2024-10-13 08:00:00,64.76,0,0,1,1,1
2024-10-13 09:00:00,64.76,0,0,1,1,1
2024-10-13 10:00:00,64.31,0,0,1,1,1
2024-10-13 11:00:00,63.95,0,0,1,1,2
2024-10-13 12:00:00,63.95,0,0,1,1,2
2024-10-13 13:00:00,64.58,0,0,1,1,2
2024-10-13 14:00:00,66.65,0,0,1,1,2
2024-10-13 15:00:00,67.91,0,0,1,1,2
2024-10-13 16:00:00,68.27,0,0,1,1,2
2024-10-13 17:00:00,67.64,0,0,1,1,2
2024-10-13 18:00:00,66.47,0,0,1,1,2
2024-10-13 19:00:00,65.48,0,0,1,1,2
2024-10-13 20:00:00,62.87,0,0,1,1,2
2024-10-13 21:00:00,56.66,0,0,1,1,2
2024-10-13 22:00:00,54.59,0,0,1,1,2
2024-10-13 23:00:00,53.87,0,0,1,1,2
2024-10-14 00:00:00,52.61,1,1,1,1,2
2024-10-14 01:00:00,51.53,1,1,1,1,2
2024-10-14 02:00:00,50.45,1,1,1,1,2
2024-10-14 03:00:00,49.55,1,1,1,1,1
2024-10-14 04:00:00,48.29,1,1,1,1,1
2024-10-14 05:00:00,47.48,1,1,1,1,1
2024-10-14 06:00:00,47.12,1,1,1,1,1
2024-10-14 07:00:00,46.309998,1,1,1,1,1
2024-10-14 08:00:00,47.12,1,1,1,1,1
2024-10-14 09:00:00,48.38,1,1,1,1,1
2024-10-14 10:00:00,49.190002,1,1,1,1,1
2024-10-14 11:00:00,51.35,1,1,1,1,3
2024-10-14 12:00:00,53.33,1,1,1,1,3
2024-10-14 13:00:00,53.33,1,1,1,1,3
2024-10-14 14:00:00,54.68,1,1,1,1,3
2024-10-14 15:00:00,56.39,1,1,1,1,4
2024-10-14 16:00:00,58.19,1,1,1,1,4
2024-10-14 17:00:00,57.739998,1,1,1,1,3
2024-10-14 18:00:00,56.84,1,1,1,1,4
2024-10-14 19:00:00,53.6,1,1,1,1,4
2024-10-14 20:00:00,49.91,1,1,1,1,4
2024-10-14 21:00:00,49.1,1,1,1,1,4
2024-10-14 22:00:00,48.02,1,1,1,1,3
2024-10-14 23:00:00,46.940002,1,1,1,1,3
2024-10-15 00:00:00,46.4,1,1,1,1,3
2024-10-15 01:00:00,46.13,1,1,1,1,2
2024-10-15 02:00:00,45.95,1,1,1,1,2
2024-10-15 03:00:00,44.42,1,1,1,1,1
2024-10-15 04:00:00,44.42,1,1,1,1,1
2024-10-15 05:00:00,43.52,1,1,1,1,1
2024-10-15 06:00:00,43.52,1,1,1,1,1
2024-10-15 07:00:00,42.89,1,1,1,1,1
2024-10-15 08:00:00,42.35,1,1,1,1,1
2024-10-15 09:00:00,42.89,1,1,1,1,1
2024-10-15 10:00:00,43.97,1,1,1,1,1
2024-10-15 11:00:00,45.86,1,1,1,1,3
2024-10-15 12:00:00,48.11,1,1,1,1,3
2024-10-15 13:00:00,49.64,1,1,1,1,3
2024-10-15 14:00:00,51.35,1,1,1,1,4
2024-10-15 15:00:00,51.440002,1,1,1,1,4
2024-10-15 16:00:00,50.54,1,1,1,1,4
2024-10-15 17:00:00,50.45,1,1,1,1,4
2024-10-15 18:00:00,49.82,1,1,1,1,4
2024-10-15 19:00:00,47.03,1,1,1,1,4
2024-10-15 20:00:00,45.23,1,1,1,1,4
2024-10-15 21:00:00,42.53,1,1,1,1,4
2024-10-15 22:00:00,40.73,1,1,1,1,3
2024-10-15 23:00:00,39.920002,1,1,1,1,3
2024-10-16 00:00:00,39.56,1,1,1,1,3
2024-10-16 01:00:00,39.11,1,1,1,1,2
2024-10-16 02:00:00,38.93,1,1,1,1,3
2024-10-16 03:00:00,38.66,1,1,1,1,1
2024-10-16 04:00:00,38.3,1,1,1,1,1
2024-10-16 05:00:00,38.12,1,1,1,1,1
2024-10-16 06:00:00,38.75,1,1,1,1,1
2024-10-16 07:00:00,39.38,1,1,1,1,1
2024-10-16 08:00:00,40.46,1,1,1,1,1
2024-10-16 09:00:00,39.2,1,1,1,1,1
2024-10-16 10:00:00,43.25,1,1,1,1,1
2024-10-16 11:00:00,45.5,1,1,1,1,3
2024-10-16 12:00:00,47.57,1,1,1,1,3
2024-10-16 13:00:00,48.29,1,1,1,1,3
2024-10-16 14:00:00,49.28,1,1,1,1,4
2024-10-16 15:00:00,50,1,1,1,1,4
2024-10-16 16:00:00,50,1,1,1,1,4
2024-10-16 17:00:00,51.26,1,1,1,1,4
2024-10-16 18:00:00,51.53,1,1,1,1,4
2024-10-16 19:00:00,50.72,1,1,1,1,4
2024-10-16 20:00:00,48.92,1,1,1,1,4
2024-10-16 21:00:00,43.52,1,1,1,1,3
2024-10-16 22:00:00,43.34,1,1,1,1,3
2024-10-16 23:00:00,43.25,1,1,1,1,4
2024-10-17 00:00:00,43.79,1,1,1,1,3
2024-10-17 01:00:00,42.89,1,1,1,1,3
2024-10-17 02:00:00,38.03,1,1,1,1,3
2024-10-17 03:00:00,36.32,1,1,1,1,1
2024-10-17 04:00:00,34.88,1,1,1,1,1
2024-10-17 05:00:00,34.52,1,1,1,1,1
2024-10-17 06:00:00,34.61,1,1,1,1,1
2024-10-17 07:00:00,34.34,1,1,1,1,1
2024-10-17 08:00:00,33.98,1,1,1,1,1
2024-10-17 09:00:00,38.66,1,1,1,1,1
2024-10-17 10:00:00,45.77,1,1,1,1,1
2024-10-17 11:00:00,50.63,1,1,1,1,4
2024-10-17 12:00:00,53.15,1,1,1,1,3
2024-10-17 13:00:00,55.13,1,1,1,1,3
2024-10-17 14:00:00,56.66,1,1,1,1,4
2024-10-17 15:00:00,57.739998,1,1,1,1,4
2024-10-17 16:00:00,58.19,1,1,1,1,4
2024-10-17 17:00:00,58.010002,1,1,1,1,4
2024-10-17 18:00:00,56.84,1,1,1,1,4
2024-10-17 19:00:00,55.85,1,1,1,1,4
2024-10-17 20:00:00,48.11,1,1,1,1,4
2024-10-17 21:00:00,46.22,1,1,1,1,4
2024-10-17 22:00:00,44.87,1,1,1,1,3
2024-10-17 23:00:00,44.6,1,1,1,1,3
2024-10-18 00:00:00,44.239998,1,1,1,1,3
2024-10-18 01:00:00,43.7,1,1,1,1,3
2024-10-18 02:00:00,42.71,1,1,1,1,2
2024-10-18 03:00:00,42.17,1,1,1,1,1
2024-10-18 04:00:00,41.629997,1,1,1,1,1
2024-10-18 05:00:00,40.55,1,1,1,1,1
2024-10-18 06:00:00,39.56,1,1,1,1,1
2024-10-18 07:00:00,39.11,1,1,1,1,1
2024-10-18 08:00:00,38.93,1,1,1,1,1
2024-10-18 09:00:00,42.53,1,1,1,1,1
2024-10-18 10:00:00,49.46,1,1,1,1,1
2024-10-18 11:00:00,55.76,1,1,1,1,3
2024-10-18 12:00:00,59.269997,1,1,1,1,3
2024-10-18 13:00:00,61.07,1,1,1,1,3
2024-10-18 14:00:00,62.33,1,1,1,1,4
2024-10-18 15:00:00,63.32,1,1,1,1,4
2024-10-18 16:00:00,63.68,1,1,1,1,4
2024-10-18 17:00:00,63.230003,1,1,1,1,4
2024-10-18 18:00:00,61.16,1,1,1,1,4
2024-10-18 19:00:00,53.24,1,1,1,1,4
2024-10-18 20:00:00,50.36,1,1,1,1,4
2024-10-18 21:00:00,50.18,1,1,1,1,4
2024-10-18 22:00:00,47.75,1,1,1,1,3
2024-10-18 23:00:00,46.49,1,1,1,1,3
2024-10-19 00:00:00,46.04,0,0,1,1,3
2024-10-19 01:00:00,45.95,0,0,1,1,2
2024-10-19 02:00:00,45.77,0,0,1,1,2
2024-10-19 03:00:00,45.86,0,0,1,1,1
2024-10-19 04:00:00,45.59,0,0,1,1,1
2024-10-19 05:00:00,44.510002,0,0,1,1,1
2024-10-19 06:00:00,42.8,0,0,1,1,1
2024-10-19 07:00:00,41.18,0,0,1,1,1
2024-10-19 08:00:00,41,0,0,1,1,1
2024-10-19 09:00:00,44.059998,0,0,1,1,1
2024-10-19 10:00:00,50.9,0,0,1,1,1
2024-10-19 11:00:00,57.559998,0,0,1,1,2
2024-10-19 12:00:00,61.88,0,0,1,1,3
2024-10-19 13:00:00,64.49,0,0,1,1,2
2024-10-19 14:00:00,65.84,0,0,1,1,3
2024-10-19 15:00:00,66.65,0,0,1,1,3
2024-10-19 16:00:00,66.92,0,0,1,1,3
2024-10-19 17:00:00,66.56,0,0,1,1,3
2024-10-19 18:00:00,64.04,0,0,1,1,3
2024-10-19 19:00:00,62.780003,0,0,1,1,3
2024-10-19 20:00:00,53.24,0,0,1,1,2
2024-10-19 21:00:00,52.34,0,0,1,1,2
2024-10-19 22:00:00,50.63,0,0,1,1,2
2024-10-19 23:00:00,49.82,0,0,1,1,2
2024-10-20 00:00:00,49.01,0,0,1,1,2
2024-10-20 01:00:00,47.84,0,0,1,1,2
2024-10-20 02:00:00,46.76,0,0,1,1,2
2024-10-20 03:00:00,45.14,0,0,1,1,1
2024-10-20 04:00:00,44.239998,0,0,1,1,1
2024-10-20 05:00:00,43.52,0,0,1,1,1
2024-10-20 06:00:00,42.98,0,0,1,1,1
2024-10-20 07:00:00,41.809998,0,0,1,1,1
2024-10-20 08:00:00,41.54,0,0,1,1,1
2024-10-20 09:00:00,45.86,0,0,1,1,1
2024-10-20 10:00:00,53.059998,0,0,1,1,1
2024-10-20 11:00:00,59,0,0,1,1,2
2024-10-20 12:00:00,63.5,0,0,1,1,2
2024-10-20 13:00:00,66.92,0,0,1,1,2
2024-10-20 14:00:00,68.81,0,0,1,1,2
2024-10-20 15:00:00,69.89,0,0,1,1,2
2024-10-20 16:00:00,70.25,0,0,1,1,2
2024-10-20 17:00:00,69.8,0,0,1,1,2
2024-10-20 18:00:00,66.74,0,0,1,1,2
2024-10-20 19:00:00,59.269997,0,0,1,1,2
2024-10-20 20:00:00,58.19,0,0,1,1,2
2024-10-20 21:00:00,57.92,0,0,1,1,2
2024-10-20 22:00:00,56.84,0,0,1,1,2
2024-10-20 23:00:00,55.85,0,0,1,1,2
2024-10-21 00:00:00,54.86,1,1,1,1,2
2024-10-21 01:00:00,53.6,1,1,1,1,2
2024-10-21 02:00:00,52.07,1,1,1,1,2
2024-10-21 03:00:00,50.72,1,1,1,1,1
2024-10-21 04:00:00,49.82,1,1,1,1,1
2024-10-21 05:00:00,49.190002,1,1,1,1,1
2024-10-21 06:00:00,48.559998,1,1,1,1,1
2024-10-21 07:00:00,47.48,1,1,1,1,1
2024-10-21 08:00:00,46.85,1,1,1,1,1
2024-10-21 09:00:00,49.82,1,1,1,1,1
2024-10-21 10:00:00,56.12,1,1,1,1,2
2024-10-21 11:00:00,61.79,1,1,1,1,3
2024-10-21 12:00:00,66.47,1,1,1,1,3
2024-10-21 13:00:00,69.619995,1,1,1,1,4
2024-10-21 14:00:00,71.78,1,1,1,1,4
2024-10-21 15:00:00,72.95,1,1,1,1,4
2024-10-21 16:00:00,73.130005,1,1,1,1,4
2024-10-21 17:00:00,72.23,1,1,1,1,4
2024-10-21 18:00:00,68.81,1,1,1,1,4
2024-10-21 19:00:00,61.43,1,1,1,1,4
2024-10-21 20:00:00,58.64,1,1,1,1,4
2024-10-21 21:00:00,58.1,1,1,1,1,4
2024-10-21 22:00:00,56.57,1,1,1,1,4
2024-10-21 23:00:00,56.39,1,1,1,1,4
2024-10-22 00:00:00,56.21,1,1,1,1,4
2024-10-22 01:00:00,55.85,1,1,1,1,3
2024-10-22 02:00:00,54.86,1,1,1,1,3
2024-10-22 03:00:00,53.96,1,1,1,1,1
2024-10-22 04:00:00,53.24,1,1,1,1,1
2024-10-22 05:00:00,52.88,1,1,1,1,1
2024-10-22 06:00:00,52.16,1,1,1,1,1
2024-10-22 07:00:00,51.8,1,1,1,1,1
2024-10-22 08:00:00,51.89,1,1,1,1,1
2024-10-22 09:00:00,53.87,1,1,1,1,1
2024-10-22 10:00:00,58.91,1,1,1,1,1
2024-10-22 11:00:00,63.59,1,1,1,1,3
2024-10-22 12:00:00,67.55,1,1,1,1,3
2024-10-22 13:00:00,71.06,1,1,1,1,3
2024-10-22 14:00:00,73.67,1,1,1,1,4
2024-10-22 15:00:00,74.75,1,1,1,1,4
2024-10-22 16:00:00,74.48,1,1,1,1,4
2024-10-22 17:00:00,73.4,1,1,1,1,4
2024-10-22 18:00:00,71.51,1,1,1,1,4
2024-10-22 19:00:00,67.82,1,1,1,1,4
2024-10-22 20:00:00,66.65,1,1,1,1,4
2024-10-22 21:00:00,66.47,1,1,1,1,4
2024-10-22 22:00:00,65.57,1,1,1,1,4
2024-10-22 23:00:00,66.2,1,1,1,1,3
2024-10-23 00:00:00,65.57,1,1,1,1,3
2024-10-23 01:00:00,63.95,1,1,1,1,3
2024-10-23 02:00:00,62.780003,1,1,1,1,3
2024-10-23 03:00:00,61.79,1,1,1,1,1
2024-10-23 04:00:00,61.16,1,1,1,1,1
2024-10-23 05:00:00,60.35,1,1,1,1,1
2024-10-23 06:00:00,59.36,1,1,1,1,1
2024-10-23 07:00:00,58.19,1,1,1,1,1
2024-10-23 08:00:00,57.02,1,1,1,1,1
2024-10-23 09:00:00,57.739998,1,1,1,1,1
2024-10-23 10:00:00,61.519997,1,1,1,1,2
2024-10-23 11:00:00,65.84,1,1,1,1,3
2024-10-23 12:00:00,69.08,1,1,1,1,4
2024-10-23 13:00:00,69.89,1,1,1,1,4
2024-10-23 14:00:00,69.98,1,1,1,1,4
2024-10-23 15:00:00,69.98,1,1,1,1,4
2024-10-23 16:00:00,66.29,1,1,1,1,4
2024-10-23 17:00:00,64.85,1,1,1,1,4
2024-10-23 18:00:00,61.88,1,1,1,1,4
2024-10-23 19:00:00,58.280003,1,1,1,1,4
2024-10-23 20:00:00,55.58,1,1,1,1,4
2024-10-23 21:00:00,53.690002,1,1,1,1,4
2024-10-23 22:00:00,51.8,1,1,1,1,4
2024-10-23 23:00:00,50.27,1,1,1,1,4
2024-10-24 00:00:00,48.92,1,1,1,1,4
2024-10-24 01:00:00,47.03,1,1,1,1,3
2024-10-24 02:00:00,44.33,1,1,1,1,3
2024-10-24 03:00:00,42.53,1,1,1,1,1
2024-10-24 04:00:00,41,1,1,1,1,1
2024-10-24 05:00:00,41.27,1,1,1,1,1
2024-10-24 06:00:00,39.56,1,1,1,1,1
2024-10-24 07:00:00,39.02,1,1,1,1,1
2024-10-24 08:00:00,39.11,1,1,1,1,1
2024-10-24 09:00:00,41.09,1,1,1,1,1
2024-10-24 10:00:00,47.48,1,1,1,1,1
2024-10-24 11:00:00,52.88,1,1,1,1,3
2024-10-24 12:00:00,55.85,1,1,1,1,3
2024-10-24 13:00:00,57.65,1,1,1,1,4
2024-10-24 14:00:00,59.09,1,1,1,1,4
2024-10-24 15:00:00,60.17,1,1,1,1,4
2024-10-24 16:00:00,60.71,1,1,1,1,4
2024-10-24 17:00:00,60.530003,1,1,1,1,4
2024-10-24 18:00:00,59,1,1,1,1,4
2024-10-24 19:00:00,51.71,1,1,1,1,4
2024-10-24 20:00:00,50.54,1,1,1,1,4
2024-10-24 21:00:00,51.440002,1,1,1,1,4
2024-10-24 22:00:00,50,1,1,1,1,4
2024-10-24 23:00:00,50.27,1,1,1,1,3
2024-10-25 00:00:00,49.82,1,1,1,1,3
2024-10-25 01:00:00,49.73,1,1,1,1,3
2024-10-25 02:00:00,49.46,1,1,1,1,2
2024-10-25 03:00:00,49.91,1,1,1,1,1
2024-10-25 04:00:00,50.54,1,1,1,1,1
2024-10-25 05:00:00,51.35,1,1,1,1,1
2024-10-25 06:00:00,52.79,1,1,1,1,1
2024-10-25 07:00:00,53.059998,1,1,1,1,1
2024-10-25 08:00:00,53.6,1,1,1,1,1
2024-10-25 09:00:00,51.89,1,1,1,1,1
2024-10-25 10:00:00,54.95,1,1,1,1,2
2024-10-25 11:00:00,59.719997,1,1,1,1,4
2024-10-25 12:00:00,60.71,1,1,1,1,3
2024-10-25 13:00:00,64.58,1,1,1,1,4
2024-10-25 14:00:00,67.91,1,1,1,1,4
2024-10-25 15:00:00,69.8,1,1,1,1,4
2024-10-25 16:00:00,70.79,1,1,1,1,4
2024-10-25 17:00:00,71.15,1,1,1,1,4
2024-10-25 18:00:00,67.28,1,1,1,1,4
2024-10-25 19:00:00,63.59,1,1,1,1,4
2024-10-25 20:00:00,62.6,1,1,1,1,4
2024-10-25 21:00:00,57.65,1,1,1,1,4
2024-10-25 22:00:00,54.68,1,1,1,1,4
2024-10-25 23:00:00,52.43,1,1,1,1,4
2024-10-26 00:00:00,50.36,0,0,1,1,3
2024-10-26 01:00:00,48.92,0,0,1,1,3
2024-10-26 02:00:00,47.84,0,0,1,1,3
2024-10-26 03:00:00,46.76,0,0,1,1,1
2024-10-26 04:00:00,45.32,0,0,1,1,1
2024-10-26 05:00:00,44.059998,0,0,1,1,1
2024-10-26 06:00:00,43.16,0,0,1,1,1
2024-10-26 07:00:00,42.35,0,0,1,1,1
2024-10-26 08:00:00,42.17,0,0,1,1,1
2024-10-26 09:00:00,43.61,0,0,1,1,1
2024-10-26 10:00:00,48.38,0,0,1,1,1
2024-10-26 11:00:00,52.88,0,0,1,1,2
2024-10-26 12:00:00,55.940002,0,0,1,1,2
2024-10-26 13:00:00,57.739998,0,0,1,1,2
2024-10-26 14:00:00,58.730003,0,0,1,1,2
2024-10-26 15:00:00,58.82,0,0,1,1,2
2024-10-26 16:00:00,58.280003,0,0,1,1,2
2024-10-26 17:00:00,57.38,0,0,1,1,2
2024-10-26 18:00:00,55.49,0,0,1,1,2
2024-10-26 19:00:00,50.27,0,0,1,1,2
2024-10-26 20:00:00,47.39,0,0,1,1,2
2024-10-26 21:00:00,45.86,0,0,1,1,2
2024-10-26 22:00:00,44.96,0,0,1,1,2
2024-10-26 23:00:00,43.43,0,0,1,1,2
2024-10-27 00:00:00,41.629997,0,0,1,1,2
2024-10-27 01:00:00,40.55,0,0,1,1,2
2024-10-27 02:00:00,40.73,0,0,1,1,2
2024-10-27 03:00:00,40.91,0,0,1,1,1
2024-10-27 04:00:00,41,0,0,1,1,1
2024-10-27 05:00:00,41.45,0,0,1,1,1
2024-10-27 06:00:00,39.47,0,0,1,1,1
2024-10-27 07:00:00,37.4,0,0,1,1,1
2024-10-27 08:00:00,37.58,0,0,1,1,1
2024-10-27 09:00:00,40.55,0,0,1,1,1
2024-10-27 10:00:00,45.59,0,0,1,1,1
2024-10-27 11:00:00,50.72,0,0,1,1,3
2024-10-27 12:00:00,54.05,0,0,1,1,3
2024-10-27 13:00:00,55.67,0,0,1,1,2
2024-10-27 14:00:00,56.66,0,0,1,1,2
2024-10-27 15:00:00,57.38,0,0,1,1,3
2024-10-27 16:00:00,57.65,0,0,1,1,3
2024-10-27 17:00:00,57.29,0,0,1,1,3
2024-10-27 18:00:00,55.22,0,0,1,1,3
2024-10-27 19:00:00,49.73,0,0,1,1,3
2024-10-27 20:00:00,46.13,0,0,1,1,3
2024-10-27 21:00:00,45.23,0,0,1,1,3
2024-10-27 22:00:00,44.15,0,0,1,1,3
2024-10-27 23:00:00,43.879997,0,0,1,1,3
2024-10-28 00:00:00,43.79,1,1,1,1,3
2024-10-28 01:00:00,43.07,1,1,1,1,2
2024-10-28 02:00:00,42.17,1,1,1,1,2
2024-10-28 03:00:00,41.45,1,1,1,1,1
2024-10-28 04:00:00,41.45,1,1,1,1,1
2024-10-28 05:00:00,41.36,1,1,1,1,1
2024-10-28 06:00:00,40.82,1,1,1,1,1
2024-10-28 07:00:00,40.55,1,1,1,1,1
2024-10-28 08:00:00,40.46,1,1,1,1,1
2024-10-28 09:00:00,41.809998,1,1,1,1,1
2024-10-28 10:00:00,47.48,1,1,1,1,1
2024-10-28 11:00:00,53.6,1,1,1,1,3
2024-10-28 12:00:00,58.46,1,1,1,1,4
2024-10-28 13:00:00,62.15,1,1,1,1,3
2024-10-28 14:00:00,64.31,1,1,1,1,4
2024-10-28 15:00:00,65.39,1,1,1,1,4
2024-10-28 16:00:00,65.66,1,1,1,1,4
2024-10-28 17:00:00,65.57,1,1,1,1,4
2024-10-28 18:00:00,63.32,1,1,1,1,4
2024-10-28 19:00:00,60.89,1,1,1,1,4
2024-10-28 20:00:00,60.08,1,1,1,1,4
2024-10-28 21:00:00,59.9,1,1,1,1,4
2024-10-28 22:00:00,59.63,1,1,1,1,3
2024-10-28 23:00:00,60.08,1,1,1,1,3
2024-10-29 00:00:00,61.07,1,1,1,1,3
2024-10-29 01:00:00,62.06,1,1,1,1,3
2024-10-29 02:00:00,62.239998,1,1,1,1,2
2024-10-29 03:00:00,62.15,1,1,1,1,1
2024-10-29 04:00:00,61.969997,1,1,1,1,1
2024-10-29 05:00:00,61.969997,1,1,1,1,1
2024-10-29 06:00:00,61.88,1,1,1,1,1
2024-10-29 07:00:00,61.79,1,1,1,1,1
2024-10-29 08:00:00,61.61,1,1,1,1,1
2024-10-29 09:00:00,63.59,1,1,1,1,1
2024-10-29 10:00:00,65.57,1,1,1,1,1
2024-10-29 11:00:00,67.369995,1,1,1,1,4
2024-10-29 12:00:00,70.880005,1,1,1,1,3
2024-10-29 13:00:00,73.22,1,1,1,1,4
2024-10-29 14:00:00,75.2,1,1,1,1,4
2024-10-29 15:00:00,76.28,1,1,1,1,4
2024-10-29 16:00:00,76.82,1,1,1,1,4
2024-10-29 17:00:00,76.19,1,1,1,1,4
2024-10-29 18:00:00,74.119995,1,1,1,1,4
2024-10-29 19:00:00,71.33,1,1,1,1,4
2024-10-29 20:00:00,70.16,1,1,1,1,4
2024-10-29 21:00:00,69.53,1,1,1,1,4
2024-10-29 22:00:00,68.81,1,1,1,1,4
2024-10-29 23:00:00,68.18,1,1,1,1,4
2024-10-30 00:00:00,67.369995,1,1,1,1,4
2024-10-30 01:00:00,66.47,1,1,1,1,3
2024-10-30 02:00:00,65.66,1,1,1,1,3
2024-10-30 03:00:00,65.03,1,1,1,1,1
2024-10-30 04:00:00,64.67,1,1,1,1,1
2024-10-30 05:00:00,64.130005,1,1,1,1,1
2024-10-30 06:00:00,63.32,1,1,1,1,1
2024-10-30 07:00:00,62.33,1,1,1,1,1
2024-10-30 08:00:00,61.34,1,1,1,1,1
2024-10-30 09:00:00,61.43,1,1,1,1,1
2024-10-30 10:00:00,63.86,1,1,1,1,1
2024-10-30 11:00:00,66.83,1,1,1,1,3
2024-10-30 12:00:00,69.619995,1,1,1,1,3
2024-10-30 13:00:00,72.23,1,1,1,1,4
2024-10-30 14:00:00,74.21,1,1,1,1,4
2024-10-30 15:00:00,75.380005,1,1,1,1,4
2024-10-30 16:00:00,75.56,1,1,1,1,4
2024-10-30 17:00:00,74.93,1,1,1,1,4
2024-10-30 18:00:00,72.95,1,1,1,1,4
2024-10-30 19:00:00,70.7,1,1,1,1,4
2024-10-30 20:00:00,68.9,1,1,1,1,4
2024-10-30 21:00:00,69.08,1,1,1,1,4
2024-10-30 22:00:00,67.82,1,1,1,1,3
2024-10-30 23:00:00,67.28,1,1,1,1,3
2024-10-31 00:00:00,66.74,1,1,1,1,3
2024-10-31 01:00:00,66.380005,1,1,1,1,3
2024-10-31 02:00:00,65.39,1,1,1,1,3
2024-10-31 03:00:00,64.58,1,1,1,1,1
2024-10-31 04:00:00,64.22,1,1,1,1,1
2024-10-31 05:00:00,64.130005,1,1,1,1,1
2024-10-31 06:00:00,64.31,1,1,1,1,1
2024-10-31 07:00:00,64.67,1,1,1,1,1
2024-10-31 08:00:00,64.94,1,1,1,1,1
2024-10-31 09:00:00,68,1,1,1,1,1
2024-10-31 10:00:00,67.73,1,1,1,1,2
2024-10-31 11:00:00,66.47,1,1,1,1,4
2024-10-31 12:00:00,68.54,1,1,1,1,4
2024-10-31 13:00:00,69.71,1,1,1,1,4
2024-10-31 14:00:00,70.25,1,1,1,1,4
2024-10-31 15:00:00,70.7,1,1,1,1,4
2024-10-31 16:00:00,69.35,1,1,1,1,4
2024-10-31 17:00:00,66.83,1,1,1,1,4
2024-10-31 18:00:00,65.03,1,1,1,1,4
2024-10-31 19:00:00,63.5,1,1,1,1,4
2024-10-31 20:00:00,62.87,1,1,1,1,4
2024-10-31 21:00:00,60.17,1,1,1,1,4
2024-10-31 22:00:00,56.66,1,1,1,1,4
2024-10-31 23:00:00,51.98,1,1,1,1,4
2024-11-01 00:00:00,49.73,1,1,1,1,4
2024-11-01 01:00:00,48.02,1,1,1,1,3
2024-11-01 02:00:00,46.49,1,1,1,1,3
2024-11-01 03:00:00,45.23,1,1,1,1,1
2024-11-01 04:00:00,44.15,1,1,1,1,1
2024-11-01 05:00:00,43.07,1,1,1,1,1
2024-11-01 06:00:00,42.08,1,1,1,1,1
2024-11-01 07:00:00,41.18,1,1,1,1,1
2024-11-01 08:00:00,40.28,1,1,1,1,1
2024-11-01 09:00:00,40.1,1,1,1,1,1
2024-11-01 10:00:00,42.35,1,1,1,1,1
2024-11-01 11:00:00,44.78,1,1,1,1,3
2024-11-01 12:00:00,47.57,1,1,1,1,3
2024-11-01 13:00:00,49.82,1,1,1,1,4
2024-11-01 14:00:00,51.71,1,1,1,1,4
2024-11-01 15:00:00,53.15,1,1,1,1,4
2024-11-01 16:00:00,53.78,1,1,1,1,4
2024-11-01 17:00:00,53.42,1,1,1,1,4
2024-11-01 18:00:00,52.16,1,1,1,1,4
2024-11-01 19:00:00,47.21,1,1,1,1,4
2024-11-01 20:00:00,45.5,1,1,1,1,4
2024-11-01 21:00:00,42.98,1,1,1,1,3
2024-11-01 22:00:00,41.72,1,1,1,1,4
2024-11-01 23:00:00,40.64,1,1,1,1,3
2024-11-02 00:00:00,38.93,0,0,1,1,3
2024-11-02 01:00:00,38.03,0,0,1,1,2
2024-11-02 02:00:00,37.489998,0,0,1,1,2
2024-11-02 03:00:00,37.58,0,0,1,1,1
2024-11-02 04:00:00,37.22,0,0,1,1,1
2024-11-02 05:00:00,36.59,0,0,1,1,1
2024-11-02 06:00:00,36.41,0,0,1,1,1
2024-11-02 07:00:00,36.23,0,0,1,1,1
2024-11-02 08:00:00,35.96,0,0,1,1,1
2024-11-02 09:00:00,37.31,0,0,1,1,1
2024-11-02 10:00:00,42.620003,0,0,1,1,1
2024-11-02 11:00:00,47.84,0,0,1,1,2
2024-11-02 12:00:00,51.440002,0,0,1,1,2
2024-11-02 13:00:00,54.23,0,0,1,1,2
2024-11-02 14:00:00,56.12,0,0,1,1,2
2024-11-02 15:00:00,57.38,0,0,1,1,2
2024-11-02 16:00:00,58.19,0,0,1,1,2
2024-11-02 17:00:00,57.92,0,0,1,1,2
2024-11-02 18:00:00,55.4,0,0,1,1,2
2024-11-02 19:00:00,50,0,0,1,1,2
2024-11-02 20:00:00,48.92,0,0,1,1,2
2024-11-02 21:00:00,47.48,0,0,1,1,2
2024-11-02 22:00:00,46.58,0,0,1,1,2
2024-11-02 23:00:00,45.77,0,0,1,1,2
2024-11-03 00:00:00,45.5,0,0,1,1,2
2024-11-03 01:00:00,45.14,0,0,1,1,2
2024-11-03 02:00:00,45.05,0,0,1,1,2
2024-11-03 03:00:00,44.78,0,0,1,1,1
2024-11-03 04:00:00,44.42,0,0,1,1,1
2024-11-03 05:00:00,44.059998,0,0,1,1,1
2024-11-03 06:00:00,44.15,0,0,1,1,1
2024-11-03 07:00:00,44.510002,0,0,1,1,1
2024-11-03 08:00:00,45.32,0,0,1,1,1
2024-11-03 09:00:00,45.86,0,0,1,1,1
2024-11-03 10:00:00,49.82,0,0,1,1,1
2024-11-03 11:00:00,53.6,0,0,1,1,1
2024-11-03 12:00:00,57.2,0,0,1,1,2
2024-11-03 13:00:00,60.8,0,0,1,1,2
2024-11-03 14:00:00,64.22,0,0,1,1,2
2024-11-03 15:00:00,66.74,0,0,1,1,2
2024-11-03 16:00:00,67.82,0,0,1,1,2
2024-11-03 17:00:00,67.28,0,0,1,1,2
2024-11-03 18:00:00,65.39,0,0,1,1,2
2024-11-03 19:00:00,61.88,0,0,1,1,2
2024-11-03 20:00:00,60.71,0,0,1,1,2
2024-11-03 21:00:00,63.41,0,0,1,1,2
2024-11-03 22:00:00,63.95,0,0,1,1,3
2024-11-03 23:00:00,64.76,0,0,1,1,3
2024-11-04 00:00:00,64.58,1,1,1,1,3
2024-11-04 01:00:00,64.130005,1,1,1,1,3
2024-11-04 02:00:00,64.22,1,1,1,1,3
2024-11-04 03:00:00,64.31,1,1,1,1,3
2024-11-04 04:00:00,64.31,1,1,1,1,1
2024-11-04 05:00:00,63.32,1,1,1,1,1
2024-11-04 06:00:00,62.87,1,1,1,1,1
2024-11-04 07:00:00,61.969997,1,1,1,1,1
2024-11-04 08:00:00,61.07,1,1,1,1,1
2024-11-04 09:00:00,62.6,1,1,1,1,1
2024-11-04 10:00:00,64.31,1,1,1,1,2
2024-11-04 11:00:00,67.28,1,1,1,1,2
2024-11-04 12:00:00,69.53,1,1,1,1,4
2024-11-04 13:00:00,70.79,1,1,1,1,4
2024-11-04 14:00:00,69.619995,1,1,1,1,4
2024-11-04 15:00:00,69.44,1,1,1,1,4
2024-11-04 16:00:00,68.54,1,1,1,1,4
2024-11-04 17:00:00,70.43,1,1,1,1,4
2024-11-04 18:00:00,69.17,1,1,1,1,4
2024-11-04 19:00:00,68.09,1,1,1,1,4
2024-11-04 20:00:00,66.74,1,1,1,1,4
2024-11-04 21:00:00,67.28,1,1,1,1,4
2024-11-04 22:00:00,67.64,1,1,1,1,4
2024-11-04 23:00:00,68.27,1,1,1,1,4
2024-11-05 00:00:00,68.54,1,1,1,1,4
2024-11-05 01:00:00,67.1,1,1,1,1,4
2024-11-05 02:00:00,66.47,1,1,1,1,3
2024-11-05 03:00:00,66.11,1,1,1,1,3
2024-11-05 04:00:00,65.57,1,1,1,1,1
2024-11-05 05:00:00,65.21,1,1,1,1,1
2024-11-05 06:00:00,64.76,1,1,1,1,1
2024-11-05 07:00:00,63.95,1,1,1,1,1
2024-11-05 08:00:00,62.96,1,1,1,1,1
2024-11-05 09:00:00,64.4,1,1,1,1,1
2024-11-05 10:00:00,65.03,1,1,1,1,1
2024-11-05 11:00:00,65.3,1,1,1,1,2
2024-11-05 12:00:00,66.74,1,1,1,1,3
2024-11-05 13:00:00,71.15,1,1,1,1,4
2024-11-05 14:00:00,73.4,1,1,1,1,4
2024-11-05 15:00:00,74.119995,1,1,1,1,4
2024-11-05 16:00:00,75.29,1,1,1,1,4
2024-11-05 17:00:00,74.48,1,1,1,1,4
2024-11-05 18:00:00,72.14,1,1,1,1,4
2024-11-05 19:00:00,71.51,1,1,1,1,4
2024-11-05 20:00:00,68.81,1,1,1,1,4
2024-11-05 21:00:00,67.19,1,1,1,1,4
2024-11-05 22:00:00,66.11,1,1,1,1,4
2024-11-05 23:00:00,65.66,1,1,1,1,4
2024-11-06 00:00:00,64.85,1,1,1,1,3
2024-11-06 01:00:00,65.93,1,1,1,1,3
2024-11-06 02:00:00,65.84,1,1,1,1,3
2024-11-06 03:00:00,64.76,1,1,1,1,3
2024-11-06 04:00:00,64.31,1,1,1,1,1
2024-11-06 05:00:00,63.5,1,1,1,1,1
2024-11-06 06:00:00,62.87,1,1,1,1,1
2024-11-06 07:00:00,62.96,1,1,1,1,1
2024-11-06 08:00:00,62.69,1,1,1,1,1
2024-11-06 09:00:00,60.89,1,1,1,1,1
2024-11-06 10:00:00,61.61,1,1,1,1,1
2024-11-06 11:00:00,62.42,1,1,1,1,2
2024-11-06 12:00:00,65.21,1,1,1,1,3
2024-11-06 13:00:00,66.83,1,1,1,1,3
2024-11-06 14:00:00,68.27,1,1,1,1,4
2024-11-06 15:00:00,68.9,1,1,1,1,4
2024-11-06 16:00:00,68.630005,1,1,1,1,4
2024-11-06 17:00:00,67.64,1,1,1,1,4
2024-11-06 18:00:00,64.85,1,1,1,1,4
2024-11-06 19:00:00,60.71,1,1,1,1,4
2024-11-06 20:00:00,57.65,1,1,1,1,4
2024-11-06 21:00:00,53.690002,1,1,1,1,4
2024-11-06 22:00:00,52.52,1,1,1,1,4
2024-11-06 23:00:00,52.88,1,1,1,1,4
2024-11-07 00:00:00,51.17,1,1,1,1,4
2024-11-07 01:00:00,50.45,1,1,1,1,3
2024-11-07 02:00:00,50.18,1,1,1,1,3
2024-11-07 03:00:00,48.74,1,1,1,1,2
2024-11-07 04:00:00,45.86,1,1,1,1,1
2024-11-07 05:00:00,44.510002,1,1,1,1,1
2024-11-07 06:00:00,44.15,1,1,1,1,1
2024-11-07 07:00:00,44.059998,1,1,1,1,1
2024-11-07 08:00:00,43.879997,1,1,1,1,1
2024-11-07 09:00:00,44.96,1,1,1,1,1
2024-11-07 10:00:00,47.93,1,1,1,1,1
2024-11-07 11:00:00,50.36,1,1,1,1,2
2024-11-07 12:00:00,52.52,1,1,1,1,2
2024-11-07 13:00:00,54.14,1,1,1,1,3
2024-11-07 14:00:00,55.4,1,1,1,1,4
2024-11-07 15:00:00,56.21,1,1,1,1,4
2024-11-07 16:00:00,56.21,1,1,1,1,4
2024-11-07 17:00:00,55.49,1,1,1,1,4
2024-11-07 18:00:00,53.24,1,1,1,1,4
2024-11-07 19:00:00,48.29,1,1,1,1,4
2024-11-07 20:00:00,47.57,1,1,1,1,4
2024-11-07 21:00:00,44.78,1,1,1,1,4
2024-11-07 22:00:00,46.76,1,1,1,1,4
2024-11-07 23:00:00,46.13,1,1,1,1,4
2024-11-08 00:00:00,42.440002,1,1,1,1,3
2024-11-08 01:00:00,45.14,1,1,1,1,3
2024-11-08 02:00:00,40.1,1,1,1,1,3
2024-11-08 03:00:00,39.74,1,1,1,1,3
2024-11-08 04:00:00,38.75,1,1,1,1,1
2024-11-08 05:00:00,38.75,1,1,1,1,1
2024-11-08 06:00:00,39.2,1,1,1,1,1
2024-11-08 07:00:00,38.57,1,1,1,1,1
2024-11-08 08:00:00,38.57,1,1,1,1,1
2024-11-08 09:00:00,39.65,1,1,1,1,1
2024-11-08 10:00:00,44.239998,1,1,1,1,1
2024-11-08 11:00:00,48.47,1,1,1,1,1
2024-11-08 12:00:00,52.25,1,1,1,1,3
2024-11-08 13:00:00,55.49,1,1,1,1,3
2024-11-08 14:00:00,58.1,1,1,1,1,3
2024-11-08 15:00:00,59.269997,1,1,1,1,4
2024-11-08 16:00:00,59.63,1,1,1,1,4
2024-11-08 17:00:00,58.46,1,1,1,1,4
2024-11-08 18:00:00,54.95,1,1,1,1,4
2024-11-08 19:00:00,50.36,1,1,1,1,4
2024-11-08 20:00:00,48.2,1,1,1,1,4
2024-11-08 21:00:00,46.85,1,1,1,1,4
2024-11-08 22:00:00,46.85,1,1,1,1,3
2024-11-08 23:00:00,45.41,1,1,1,1,4
2024-11-09 00:00:00,44.33,0,0,1,1,3
2024-11-09 01:00:00,43.34,0,0,1,1,3
2024-11-09 02:00:00,43.34,0,0,1,1,2
2024-11-09 03:00:00,42.620003,0,0,1,1,2
2024-11-09 04:00:00,42.17,0,0,1,1,1
2024-11-09 05:00:00,42.440002,0,0,1,1,1
2024-11-09 06:00:00,42.620003,0,0,1,1,1
2024-11-09 07:00:00,43.16,0,0,1,1,1
2024-11-09 08:00:00,43.43,0,0,1,1,1
2024-11-09 09:00:00,44.15,0,0,1,1,1
2024-11-09 10:00:00,46.940002,0,0,1,1,1
2024-11-09 11:00:00,50.09,0,0,1,1,1
2024-11-09 12:00:00,52.61,0,0,1,1,2
2024-11-09 13:00:00,55.22,0,0,1,1,3
2024-11-09 14:00:00,57.2,0,0,1,1,2
2024-11-09 15:00:00,57.47,0,0,1,1,2
2024-11-09 16:00:00,57.11,0,0,1,1,2
2024-11-09 17:00:00,56.57,0,0,1,1,2
2024-11-09 18:00:00,54.95,0,0,1,1,2
2024-11-09 19:00:00,53.78,0,0,1,1,2
2024-11-09 20:00:00,52.43,0,0,1,1,2
2024-11-09 21:00:00,50.63,0,0,1,1,2
2024-11-09 22:00:00,50,0,0,1,1,2
2024-11-09 23:00:00,50.54,0,0,1,1,2
2024-11-10 00:00:00,51.62,0,0,1,1,2
2024-11-10 01:00:00,52.34,0,0,1,1,2
2024-11-10 02:00:00,54.05,0,0,1,1,2
2024-11-10 03:00:00,54.59,0,0,1,1,2
2024-11-10 04:00:00,52.88,0,0,1,1,1
2024-11-10 05:00:00,52.52,0,0,1,1,1
2024-11-10 06:00:00,53.87,0,0,1,1,1
2024-11-10 07:00:00,55.940002,0,0,1,1,1
2024-11-10 08:00:00,57.11,0,0,1,1,1
2024-11-10 09:00:00,57.29,0,0,1,1,1
2024-11-10 10:00:00,58.19,0,0,1,1,1
2024-11-10 11:00:00,59.269997,0,0,1,1,1
2024-11-10 12:00:00,61.519997,0,0,1,1,2
2024-11-10 13:00:00,61.519997,0,0,1,1,3
2024-11-10 14:00:00,63.41,0,0,1,1,3
2024-11-10 15:00:00,65.66,0,0,1,1,3
2024-11-10 16:00:00,65.84,0,0,1,1,3
2024-11-10 17:00:00,65.3,0,0,1,1,3
2024-11-10 18:00:00,64.130005,0,0,1,1,3
2024-11-10 19:00:00,62.42,0,0,1,1,3
2024-11-10 20:00:00,61.07,0,0,1,1,3
2024-11-10 21:00:00,57.739998,0,0,1,1,3
2024-11-10 22:00:00,54.5,0,0,1,1,3
2024-11-10 23:00:00,51.89,0,0,1,1,3
2024-11-11 00:00:00,49.64,1,1,1,1,3
2024-11-11 01:00:00,48.11,1,1,1,1,3
2024-11-11 02:00:00,46.85,1,1,1,1,3
2024-11-11 03:00:00,45.77,1,1,1,1,3
2024-11-11 04:00:00,45.14,1,1,1,1,1
2024-11-11 05:00:00,44.510002,1,1,1,1,1
2024-11-11 06:00:00,43.97,1,1,1,1,1
2024-11-11 07:00:00,43.61,1,1,1,1,1
2024-11-11 08:00:00,43.25,1,1,1,1,1
2024-11-11 09:00:00,44.510002,1,1,1,1,1
2024-11-11 10:00:00,47.93,1,1,1,1,1
2024-11-11 11:00:00,51.08,1,1,1,1,2
2024-11-11 12:00:00,54.14,1,1,1,1,3
2024-11-11 13:00:00,56.75,1,1,1,1,3
2024-11-11 14:00:00,57.92,1,1,1,1,4
2024-11-11 15:00:00,59.09,1,1,1,1,4
2024-11-11 16:00:00,59.36,1,1,1,1,4
2024-11-11 17:00:00,58.64,1,1,1,1,4
2024-11-11 18:00:00,56.57,1,1,1,1,4
2024-11-11 19:00:00,53.78,1,1,1,1,4
2024-11-11 20:00:00,52.34,1,1,1,1,4
2024-11-11 21:00:00,50.99,1,1,1,1,4
2024-11-11 22:00:00,46.67,1,1,1,1,4
2024-11-11 23:00:00,45.32,1,1,1,1,4
2024-11-12 00:00:00,44.239998,1,1,1,1,3
2024-11-12 01:00:00,42.08,1,1,1,1,3
2024-11-12 02:00:00,40.91,1,1,1,1,2
2024-11-12 03:00:00,40.190002,1,1,1,1,2
2024-11-12 04:00:00,39.74,1,1,1,1,1
2024-11-12 05:00:00,39.2,1,1,1,1,1
2024-11-12 06:00:00,39.74,1,1,1,1,1
2024-11-12 07:00:00,40.46,1,1,1,1,1
2024-11-12 08:00:00,41.18,1,1,1,1,1
2024-11-12 09:00:00,42.08,1,1,1,1,1
2024-11-12 10:00:00,43.07,1,1,1,1,1
2024-11-12 11:00:00,44.6,1,1,1,1,2
2024-11-12 12:00:00,45.59,1,1,1,1,3
2024-11-12 13:00:00,45.95,1,1,1,1,4
2024-11-12 14:00:00,46.76,1,1,1,1,4
2024-11-12 15:00:00,48.92,1,1,1,1,4
2024-11-12 16:00:00,49.28,1,1,1,1,4
2024-11-12 17:00:00,48.11,1,1,1,1,4
2024-11-12 18:00:00,46.58,1,1,1,1,4
2024-11-12 19:00:00,44.33,1,1,1,1,4
2024-11-12 20:00:00,43.43,1,1,1,1,4
2024-11-12 21:00:00,40.1,1,1,1,1,4
2024-11-12 22:00:00,39.11,1,1,1,1,4
2024-11-12 23:00:00,38.3,1,1,1,1,3
2024-11-13 00:00:00,38.12,1,1,1,1,3
2024-11-13 01:00:00,38.03,1,1,1,1,3
2024-11-13 02:00:00,38.03,1,1,1,1,3
2024-11-13 03:00:00,37.85,1,1,1,1,3
2024-11-13 04:00:00,37.58,1,1,1,1,1
2024-11-13 05:00:00,37.31,1,1,1,1,1
2024-11-13 06:00:00,37.22,1,1,1,1,1
2024-11-13 07:00:00,37.04,1,1,1,1,1
2024-11-13 08:00:00,36.68,1,1,1,1,1
2024-11-13 09:00:00,37.04,1,1,1,1,1
2024-11-13 10:00:00,40.28,1,1,1,1,1
2024-11-13 11:00:00,43.79,1,1,1,1,2
2024-11-13 12:00:00,47.66,1,1,1,1,3
2024-11-13 13:00:00,51.35,1,1,1,1,3
2024-11-13 14:00:00,53.96,1,1,1,1,4
2024-11-13 15:00:00,55.22,1,1,1,1,4
2024-11-13 16:00:00,55.58,1,1,1,1,4
2024-11-13 17:00:00,55.04,1,1,1,1,4
2024-11-13 18:00:00,53.78,1,1,1,1,4
2024-11-13 19:00:00,53.24,1,1,1,1,4
2024-11-13 20:00:00,51.26,1,1,1,1,4
2024-11-13 21:00:00,49.64,1,1,1,1,4
2024-11-13 22:00:00,49.82,1,1,1,1,4
2024-11-13 23:00:00,50.36,1,1,1,1,4
2024-11-14 00:00:00,50.54,1,1,1,1,3
2024-11-14 01:00:00,50.54,1,1,1,1,3
2024-11-14 02:00:00,51.17,1,1,1,1,3
2024-11-14 03:00:00,50.72,1,1,1,1,3
2024-11-14 04:00:00,50.72,1,1,1,1,1
2024-11-14 05:00:00,50.809998,1,1,1,1,1
2024-11-14 06:00:00,50.99,1,1,1,1,1
2024-11-14 07:00:00,51.440002,1,1,1,1,1
2024-11-14 08:00:00,51.53,1,1,1,1,1
2024-11-14 09:00:00,52.07,1,1,1,1,1
2024-11-14 10:00:00,53.15,1,1,1,1,1
2024-11-14 11:00:00,54.32,1,1,1,1,2
2024-11-14 12:00:00,56.48,1,1,1,1,3
2024-11-14 13:00:00,57.47,1,1,1,1,3
2024-11-14 14:00:00,57.92,1,1,1,1,3
2024-11-14 15:00:00,58.64,1,1,1,1,4
2024-11-14 16:00:00,58.37,1,1,1,1,4
2024-11-14 17:00:00,56.93,1,1,1,1,4
2024-11-14 18:00:00,54.86,1,1,1,1,4
2024-11-14 19:00:00,53.87,1,1,1,1,4
2024-11-14 20:00:00,53.24,1,1,1,1,4
2024-11-14 21:00:00,50.45,1,1,1,1,4
2024-11-14 22:00:00,50.18,1,1,1,1,4
2024-11-14 23:00:00,49.91,1,1,1,1,3
2024-11-15 00:00:00,49.55,1,1,1,1,3
2024-11-15 01:00:00,49.190002,1,1,1,1,3
2024-11-15 02:00:00,49.28,1,1,1,1,3
2024-11-15 03:00:00,49.190002,1,1,1,1,2
2024-11-15 04:00:00,49.1,1,1,1,1,1
2024-11-15 05:00:00,49.01,1,1,1,1,1
2024-11-15 06:00:00,48.92,1,1,1,1,1
2024-11-15 07:00:00,48.559998,1,1,1,1,1
2024-11-15 08:00:00,48.38,1,1,1,1,1
2024-11-15 09:00:00,47.57,1,1,1,1,1
2024-11-15 10:00:00,47.84,1,1,1,1,1
2024-11-15 11:00:00,48.74,1,1,1,1,2
2024-11-15 12:00:00,50,1,1,1,1,3
2024-11-15 13:00:00,50.18,1,1,1,1,3
2024-11-15 14:00:00,51.17,1,1,1,1,4
2024-11-15 15:00:00,51.71,1,1,1,1,4
2024-11-15 16:00:00,52.16,1,1,1,1,4
2024-11-15 17:00:00,51.98,1,1,1,1,4
2024-11-15 18:00:00,51.26,1,1,1,1,4
2024-11-15 19:00:00,50.36,1,1,1,1,4
2024-11-15 20:00:00,49.64,1,1,1,1,4
2024-11-15 21:00:00,47.3,1,1,1,1,4
2024-11-15 22:00:00,46.67,1,1,1,1,4
2024-11-15 23:00:00,46.85,1,1,1,1,3
2024-11-16 00:00:00,46.58,0,0,1,1,3
2024-11-16 01:00:00,46.58,0,0,1,1,3
2024-11-16 02:00:00,45.32,0,0,1,1,2
2024-11-16 03:00:00,45.14,0,0,1,1,3
2024-11-16 04:00:00,45.23,0,0,1,1,1
2024-11-16 05:00:00,45.32,0,0,1,1,1
2024-11-16 06:00:00,44.42,0,0,1,1,1
2024-11-16 07:00:00,44.510002,0,0,1,1,1
2024-11-16 08:00:00,45.05,0,0,1,1,1
2024-11-16 09:00:00,47.12,0,0,1,1,1
2024-11-16 10:00:00,48.47,0,0,1,1,1
2024-11-16 11:00:00,49.37,0,0,1,1,1
2024-11-16 12:00:00,50.45,0,0,1,1,2
2024-11-16 13:00:00,51.71,0,0,1,1,3
2024-11-16 14:00:00,52.97,0,0,1,1,2
2024-11-16 15:00:00,53.96,0,0,1,1,3
2024-11-16 16:00:00,53.96,0,0,1,1,3
2024-11-16 17:00:00,53.33,0,0,1,1,2
2024-11-16 18:00:00,51.17,0,0,1,1,2
2024-11-16 19:00:00,48.02,0,0,1,1,2
2024-11-16 20:00:00,46.85,0,0,1,1,2
2024-11-16 21:00:00,45.14,0,0,1,1,2
2024-11-16 22:00:00,44.510002,0,0,1,1,2
2024-11-16 23:00:00,43.879997,0,0,1,1,2
2024-11-17 00:00:00,43.07,0,0,1,1,2
2024-11-17 01:00:00,42.8,0,0,1,1,2
2024-11-17 02:00:00,42.53,0,0,1,1,2
2024-11-17 03:00:00,42.620003,0,0,1,1,2
2024-11-17 04:00:00,42.620003,0,0,1,1,1
2024-11-17 05:00:00,42.71,0,0,1,1,1
2024-11-17 06:00:00,42.17,0,0,1,1,1
2024-11-17 07:00:00,41.54,0,0,1,1,1
2024-11-17 08:00:00,41.629997,0,0,1,1,1
2024-11-17 09:00:00,42.35,0,0,1,1,1
2024-11-17 10:00:00,44.78,0,0,1,1,1
2024-11-17 11:00:00,48.47,0,0,1,1,1
2024-11-17 12:00:00,51.89,0,0,1,1,2
2024-11-17 13:00:00,54.95,0,0,1,1,3
2024-11-17 14:00:00,56.66,0,0,1,1,2
2024-11-17 15:00:00,57.739998,0,0,1,1,2
2024-11-17 16:00:00,58.1,0,0,1,1,3
2024-11-17 17:00:00,57.739998,0,0,1,1,2
2024-11-17 18:00:00,55.85,0,0,1,1,3
2024-11-17 19:00:00,53.42,0,0,1,1,3
2024-11-17 20:00:00,53.42,0,0,1,1,3
2024-11-17 21:00:00,55.76,0,0,1,1,3
2024-11-17 22:00:00,56.66,0,0,1,1,2
2024-11-17 23:00:00,55.13,0,0,1,1,2
2024-11-18 00:00:00,55.22,1,1,1,1,2
2024-11-18 01:00:00,53.33,1,1,1,1,3
2024-11-18 02:00:00,52.07,1,1,1,1,3
2024-11-18 03:00:00,51.71,1,1,1,1,3
2024-11-18 04:00:00,49.82,1,1,1,1,2
2024-11-18 05:00:00,51.53,1,1,1,1,2
2024-11-18 06:00:00,51.71,1,1,1,1,2
2024-11-18 07:00:00,52.52,1,1,1,1,2
2024-11-18 08:00:00,52.88,1,1,1,1,2
2024-11-18 09:00:00,54.86,1,1,1,1,2
2024-11-18 10:00:00,56.12,1,1,1,1,2
2024-11-18 11:00:00,57.83,1,1,1,1,3
2024-11-18 12:00:00,59.36,1,1,1,1,4
2024-11-18 13:00:00,61.16,1,1,1,1,4
2024-11-18 14:00:00,62.33,1,1,1,1,4
2024-11-18 15:00:00,62.510002,1,1,1,1,4
2024-11-18 16:00:00,62.239998,1,1,1,1,4
2024-11-18 17:00:00,61.7,1,1,1,1,4
2024-11-18 18:00:00,60.62,1,1,1,1,4
2024-11-18 19:00:00,60.08,1,1,1,1,4
2024-11-18 20:00:00,58.64,1,1,1,1,4
2024-11-18 21:00:00,58.730003,1,1,1,1,4
2024-11-18 22:00:00,58.730003,1,1,1,1,4
2024-11-18 23:00:00,58.1,1,1,1,1,4
2024-11-19 00:00:00,58.19,1,1,1,1,3
2024-11-19 01:00:00,58.010002,1,1,1,1,3
2024-11-19 02:00:00,58.1,1,1,1,1,3
2024-11-19 03:00:00,58.1,1,1,1,1,3
2024-11-19 04:00:00,57.47,1,1,1,1,1
2024-11-19 05:00:00,55.940002,1,1,1,1,1
2024-11-19 06:00:00,56.3,1,1,1,1,1
2024-11-19 07:00:00,56.84,1,1,1,1,1
2024-11-19 08:00:00,58.19,1,1,1,1,1
2024-11-19 09:00:00,59.269997,1,1,1,1,1
2024-11-19 10:00:00,59.81,1,1,1,1,1
2024-11-19 11:00:00,60.260002,1,1,1,1,2
2024-11-19 12:00:00,61.43,1,1,1,1,3
2024-11-19 13:00:00,64.67,1,1,1,1,3
2024-11-19 14:00:00,66.380005,1,1,1,1,4
2024-11-19 15:00:00,65.93,1,1,1,1,4
2024-11-19 16:00:00,65.03,1,1,1,1,4
2024-11-19 17:00:00,63.86,1,1,1,1,4
2024-11-19 18:00:00,61.07,1,1,1,1,4
2024-11-19 19:00:00,57.47,1,1,1,1,4
2024-11-19 20:00:00,55.67,1,1,1,1,4
2024-11-19 21:00:00,52.61,1,1,1,1,4
2024-11-19 22:00:00,51.440002,1,1,1,1,4
2024-11-19 23:00:00,50.36,1,1,1,1,4
2024-11-20 00:00:00,49.82,1,1,1,1,3
2024-11-20 01:00:00,49.01,1,1,1,1,3
2024-11-20 02:00:00,47.93,1,1,1,1,3
2024-11-20 03:00:00,47.75,1,1,1,1,3
2024-11-20 04:00:00,46.04,1,1,1,1,1
2024-11-20 05:00:00,44.510002,1,1,1,1,1
2024-11-20 06:00:00,44.42,1,1,1,1,1
2024-11-20 07:00:00,43.61,1,1,1,1,1
2024-11-20 08:00:00,43.16,1,1,1,1,1
2024-11-20 09:00:00,41.989998,1,1,1,1,1
2024-11-20 10:00:00,43.79,1,1,1,1,1
2024-11-20 11:00:00,40.91,1,1,1,1,2
2024-11-20 12:00:00,39.29,1,1,1,1,3
2024-11-20 13:00:00,39.56,1,1,1,1,4
2024-11-20 14:00:00,42.71,1,1,1,1,3
2024-11-20 15:00:00,47.3,1,1,1,1,4
2024-11-20 16:00:00,48.74,1,1,1,1,3
2024-11-20 17:00:00,47.66,1,1,1,1,4
2024-11-20 18:00:00,45.95,1,1,1,1,4
2024-11-20 19:00:00,43.43,1,1,1,1,4
2024-11-20 20:00:00,45.05,1,1,1,1,4
2024-11-20 21:00:00,42.260002,1,1,1,1,4
2024-11-20 22:00:00,38.39,1,1,1,1,4
2024-11-20 23:00:00,37.67,1,1,1,1,3
2024-11-21 00:00:00,37.04,1,1,1,1,3
2024-11-21 01:00:00,36.41,1,1,1,1,3
2024-11-21 02:00:00,35.15,1,1,1,1,3
2024-11-21 03:00:00,35.06,1,1,1,1,3
2024-11-21 04:00:00,34.52,1,1,1,1,1
2024-11-21 05:00:00,33.89,1,1,1,1,1
2024-11-21 06:00:00,32.36,1,1,1,1,1
2024-11-21 07:00:00,31.28,1,1,1,1,1
2024-11-21 08:00:00,30.92,1,1,1,1,1
2024-11-21 09:00:00,30.380001,1,1,1,1,1
2024-11-21 10:00:00,30.29,1,1,1,1,1
2024-11-21 11:00:00,30.92,1,1,1,1,2
2024-11-21 12:00:00,31.1,1,1,1,1,3
2024-11-21 13:00:00,32.18,1,1,1,1,3
2024-11-21 14:00:00,33.26,1,1,1,1,4
2024-11-21 15:00:00,32.36,1,1,1,1,4
2024-11-21 16:00:00,31.46,1,1,1,1,4
2024-11-21 17:00:00,31.64,1,1,1,1,4
2024-11-21 18:00:00,31.1,1,1,1,1,4
2024-11-21 19:00:00,31.37,1,1,1,1,4
2024-11-21 20:00:00,32.09,1,1,1,1,4
2024-11-21 21:00:00,32.9,1,1,1,1,4
2024-11-21 22:00:00,32.99,1,1,1,1,4
2024-11-21 23:00:00,32.9,1,1,1,1,4
2024-11-22 00:00:00,32.81,1,1,1,1,3
2024-11-22 01:00:00,32.99,1,1,1,1,3
2024-11-22 02:00:00,33.08,1,1,1,1,3
2024-11-22 03:00:00,32.18,1,1,1,1,3
2024-11-22 04:00:00,30.29,1,1,1,1,1
2024-11-22 05:00:00,30.380001,1,1,1,1,1
2024-11-22 06:00:00,29.84,1,1,1,1,1
2024-11-22 07:00:00,29.119999,1,1,1,1,1
2024-11-22 08:00:00,29.119999,1,1,1,1,1
2024-11-22 09:00:00,32.45,1,1,1,1,1
2024-11-22 10:00:00,34.25,1,1,1,1,1
2024-11-22 11:00:00,34.97,1,1,1,1,2
2024-11-22 12:00:00,36.32,1,1,1,1,3
2024-11-22 13:00:00,37.58,1,1,1,1,3
2024-11-22 14:00:00,39.65,1,1,1,1,4
2024-11-22 15:00:00,41,1,1,1,1,4
2024-11-22 16:00:00,42.440002,1,1,1,1,4
2024-11-22 17:00:00,42.440002,1,1,1,1,4
2024-11-22 18:00:00,42.35,1,1,1,1,4
2024-11-22 19:00:00,42.08,1,1,1,1,4
2024-11-22 20:00:00,42.260002,1,1,1,1,4
2024-11-22 21:00:00,41.27,1,1,1,1,4
2024-11-22 22:00:00,41.27,1,1,1,1,4
2024-11-22 23:00:00,41.27,1,1,1,1,3
2024-11-23 00:00:00,41.18,0,0,1,1,3
2024-11-23 01:00:00,41.09,0,0,1,1,2
2024-11-23 02:00:00,41,0,0,1,1,2
2024-11-23 03:00:00,40.82,0,0,1,1,2
2024-11-23 04:00:00,40.82,0,0,1,1,1
2024-11-23 05:00:00,40.73,0,0,1,1,1
2024-11-23 06:00:00,40.55,0,0,1,1,1
2024-11-23 07:00:00,40.28,0,0,1,1,1
2024-11-23 08:00:00,40.1,0,0,1,1,1
2024-11-23 09:00:00,39.56,0,0,1,1,1
2024-11-23 10:00:00,40.010002,0,0,1,1,1
2024-11-23 11:00:00,40.46,0,0,1,1,1
2024-11-23 12:00:00,41.36,0,0,1,1,2
2024-11-23 13:00:00,42.08,0,0,1,1,2
2024-11-23 14:00:00,42.71,0,0,1,1,2
2024-11-23 15:00:00,43.879997,0,0,1,1,2
2024-11-23 16:00:00,44.239998,0,0,1,1,2
2024-11-23 17:00:00,43.25,0,0,1,1,2
2024-11-23 18:00:00,41.54,0,0,1,1,2
2024-11-23 19:00:00,40.82,0,0,1,1,2
2024-11-23 20:00:00,39.829998,0,0,1,1,2
2024-11-23 21:00:00,38.66,0,0,1,1,2
2024-11-23 22:00:00,38.48,0,0,1,1,2
2024-11-23 23:00:00,38.39,0,0,1,1,2
2024-11-24 00:00:00,38.21,0,0,1,1,2
2024-11-24 01:00:00,37.94,0,0,1,1,2
2024-11-24 02:00:00,37.85,0,0,1,1,2
2024-11-24 03:00:00,37.760002,0,0,1,1,2
2024-11-24 04:00:00,37.67,0,0,1,1,1
2024-11-24 05:00:00,37.31,0,0,1,1,1
2024-11-24 06:00:00,36.68,0,0,1,1,1
2024-11-24 07:00:00,35.87,0,0,1,1,1
2024-11-24 08:00:00,34.79,0,0,1,1,1
2024-11-24 09:00:00,35.69,0,0,1,1,1
2024-11-24 10:00:00,38.3,0,0,1,1,1
2024-11-24 11:00:00,41.18,0,0,1,1,1
2024-11-24 12:00:00,44.510002,0,0,1,1,2
2024-11-24 13:00:00,47.75,0,0,1,1,2
2024-11-24 14:00:00,50.72,0,0,1,1,2
2024-11-24 15:00:00,52.7,0,0,1,1,2
2024-11-24 16:00:00,53.42,0,0,1,1,2
2024-11-24 17:00:00,52.97,0,0,1,1,2
2024-11-24 18:00:00,50.09,0,0,1,1,2
2024-11-24 19:00:00,47.48,0,0,1,1,2
2024-11-24 20:00:00,46.67,0,0,1,1,2
2024-11-24 21:00:00,47.12,0,0,1,1,2
2024-11-24 22:00:00,46.67,0,0,1,1,3
2024-11-24 23:00:00,46.309998,0,0,1,1,2
2024-11-25 00:00:00,46.04,1,1,1,1,2
2024-11-25 01:00:00,46.309998,1,1,1,1,2
2024-11-25 02:00:00,47.93,1,1,1,1,2
2024-11-25 03:00:00,49.1,1,1,1,1,2
2024-11-25 04:00:00,49.73,1,1,1,1,1
2024-11-25 05:00:00,50.09,1,1,1,1,1
2024-11-25 06:00:00,49.55,1,1,1,1,1
2024-11-25 07:00:00,48.47,1,1,1,1,1
2024-11-25 08:00:00,49.82,1,1,1,1,1
2024-11-25 09:00:00,50.45,1,1,1,1,1
2024-11-25 10:00:00,52.16,1,1,1,1,1
2024-11-25 11:00:00,54.14,1,1,1,1,1
2024-11-25 12:00:00,56.93,1,1,1,1,2
2024-11-25 13:00:00,57.65,1,1,1,1,3
2024-11-25 14:00:00,56.84,1,1,1,1,3
2024-11-25 15:00:00,58.010002,1,1,1,1,4
2024-11-25 16:00:00,59,1,1,1,1,4
2024-11-25 17:00:00,58.1,1,1,1,1,4
2024-11-25 18:00:00,56.48,1,1,1,1,4
2024-11-25 19:00:00,55.58,1,1,1,1,4
2024-11-25 20:00:00,53.6,1,1,1,1,4
2024-11-25 21:00:00,49.55,1,1,1,1,4
2024-11-25 22:00:00,48.02,1,1,1,1,4
2024-11-25 23:00:00,46.85,1,1,1,1,4
2024-11-26 00:00:00,44.87,1,1,1,1,4
2024-11-26 01:00:00,43.43,1,1,1,1,4
2024-11-26 02:00:00,41.27,1,1,1,1,3
2024-11-26 03:00:00,39.02,1,1,1,1,2
2024-11-26 04:00:00,37.760002,1,1,1,1,1
2024-11-26 05:00:00,37.04,1,1,1,1,1
2024-11-26 06:00:00,35.96,1,1,1,1,1
2024-11-26 07:00:00,33.26,1,1,1,1,1
2024-11-26 08:00:00,31.19,1,1,1,1,1
2024-11-26 09:00:00,32.09,1,1,1,1,1
2024-11-26 10:00:00,31.55,1,1,1,1,1
2024-11-26 11:00:00,32.45,1,1,1,1,2
2024-11-26 12:00:00,34.61,1,1,1,1,3
2024-11-26 13:00:00,36.86,1,1,1,1,3
2024-11-26 14:00:00,38.93,1,1,1,1,3
2024-11-26 15:00:00,40.55,1,1,1,1,4
2024-11-26 16:00:00,41.36,1,1,1,1,4
2024-11-26 17:00:00,41,1,1,1,1,4
2024-11-26 18:00:00,38.84,1,1,1,1,3
2024-11-26 19:00:00,37.04,1,1,1,1,4
2024-11-26 20:00:00,36.23,1,1,1,1,4
2024-11-26 21:00:00,36.05,1,1,1,1,3
2024-11-26 22:00:00,35.78,1,1,1,1,3
2024-11-26 23:00:00,35.42,1,1,1,1,3
2024-11-27 00:00:00,35.239998,1,0,0,1,3
2024-11-27 01:00:00,34.79,1,0,0,1,2
2024-11-27 02:00:00,34.79,1,0,0,1,2
2024-11-27 03:00:00,34.61,1,0,0,1,2
2024-11-27 04:00:00,34.97,1,0,0,1,1
2024-11-27 05:00:00,34.7,1,0,0,1,1
2024-11-27 06:00:00,35.6,1,0,0,1,1
2024-11-27 07:00:00,35.42,1,0,0,1,1
2024-11-27 08:00:00,36.05,1,0,0,1,1
2024-11-27 09:00:00,36.5,1,0,0,1,1
2024-11-27 10:00:00,37.760002,1,0,0,1,1
2024-11-27 11:00:00,39.47,1,0,0,1,1
2024-11-27 12:00:00,42.260002,1,0,0,1,2
2024-11-27 13:00:00,43.34,1,0,0,1,3
2024-11-27 14:00:00,45.05,1,0,0,1,3
2024-11-27 15:00:00,45.14,1,0,0,1,3
2024-11-27 16:00:00,45.5,1,0,0,1,3
2024-11-27 17:00:00,43.16,1,0,0,1,3
2024-11-27 18:00:00,41.45,1,0,0,1,3
2024-11-27 19:00:00,41,1,0,0,1,3
2024-11-27 20:00:00,40.28,1,0,0,1,3
2024-11-27 21:00:00,36.86,1,0,0,1,2
2024-11-27 22:00:00,36.23,1,0,0,1,3
2024-11-27 23:00:00,34.88,1,0,0,1,3
2024-11-28 00:00:00,34.43,1,0,0,1,3
2024-11-28 01:00:00,34.25,1,0,0,1,2
2024-11-28 02:00:00,34.07,1,0,0,1,2
2024-11-28 03:00:00,33.89,1,0,0,1,2
2024-11-28 04:00:00,33.62,1,0,0,1,1
2024-11-28 05:00:00,33.89,1,0,0,1,1
2024-11-28 06:00:00,34.25,1,0,0,1,1
2024-11-28 07:00:00,34.52,1,0,0,1,1
2024-11-28 08:00:00,33.53,1,0,0,1,1
2024-11-28 09:00:00,34.61,1,0,0,1,1
2024-11-28 10:00:00,34.34,1,0,0,1,1
2024-11-28 11:00:00,35.96,1,0,0,1,2
2024-11-28 12:00:00,37.85,1,0,0,1,2
2024-11-28 13:00:00,39.56,1,0,0,1,3
2024-11-28 14:00:00,40.010002,1,0,0,1,3
2024-11-28 15:00:00,39.74,1,0,0,1,3
2024-11-28 16:00:00,40.1,1,0,0,1,2
2024-11-28 17:00:00,39.2,1,0,0,1,2
2024-11-28 18:00:00,36.95,1,0,0,1,2
2024-11-28 19:00:00,33.98,1,0,0,1,2
2024-11-28 20:00:00,31.64,1,0,0,1,2
2024-11-28 21:00:00,29.93,1,0,0,1,3
2024-11-28 22:00:00,29.03,1,0,0,1,3
2024-11-28 23:00:00,28.4,1,0,0,1,3
2024-11-29 00:00:00,27.68,1,0,0,1,3
2024-11-29 01:00:00,27.41,1,0,0,1,2
2024-11-29 02:00:00,27.86,1,0,0,1,2
2024-11-29 03:00:00,28.039999,1,0,0,1,2
2024-11-29 04:00:00,28.039999,1,0,0,1,1
2024-11-29 05:00:00,27.77,1,0,0,1,1
2024-11-29 06:00:00,27.23,1,0,0,1,1
2024-11-29 07:00:00,27.23,1,0,0,1,1
2024-11-29 08:00:00,26.96,1,0,0,1,1
2024-11-29 09:00:00,26.689999,1,0,0,1,1
2024-11-29 10:00:00,26.96,1,0,0,1,1
2024-11-29 11:00:00,27.14,1,0,0,1,2
2024-11-29 12:00:00,27.05,1,0,0,1,2
2024-11-29 13:00:00,27.05,1,0,0,1,3
2024-11-29 14:00:00,26.42,1,0,0,1,3
2024-11-29 15:00:00,26.42,1,0,0,1,3
2024-11-29 16:00:00,26.15,1,0,0,1,3
2024-11-29 17:00:00,26.060001,1,0,0,1,3
2024-11-29 18:00:00,25.07,1,0,0,1,3
2024-11-29 19:00:00,23.36,1,0,0,1,3
2024-11-29 20:00:00,22.37,1,0,0,1,3
2024-11-29 21:00:00,20.39,1,0,0,1,3
2024-11-29 22:00:00,20.39,1,0,0,1,3
2024-11-29 23:00:00,20.93,1,0,0,1,3
2024-11-30 00:00:00,20.84,0,0,1,1,2
2024-11-30 01:00:00,20.93,0,0,1,1,2
2024-11-30 02:00:00,21.11,0,0,1,1,2
2024-11-30 03:00:00,21.38,0,0,1,1,2
2024-11-30 04:00:00,20.029999,0,0,1,1,1
2024-11-30 05:00:00,18.23,0,0,1,1,1
2024-11-30 06:00:00,17.869999,0,0,1,1,1
2024-11-30 07:00:00,17.69,0,0,1,1,1
2024-11-30 08:00:00,17.6,0,0,1,1,1
2024-11-30 09:00:00,15.98,0,0,1,1,1
2024-11-30 10:00:00,17.78,0,0,1,1,1
2024-11-30 11:00:00,20.21,0,0,1,1,1
2024-11-30 12:00:00,23,0,0,1,1,1
2024-11-30 13:00:00,25.880001,0,0,1,1,2
2024-11-30 14:00:00,28.31,0,0,1,1,1
2024-11-30 15:00:00,30.11,0,0,1,1,2
2024-11-30 16:00:00,30.56,0,0,1,1,1
2024-11-30 17:00:00,30.2,0,0,1,1,1
2024-11-30 18:00:00,29.119999,0,0,1,1,1
2024-11-30 19:00:00,28.039999,0,0,1,1,1
2024-11-30 20:00:00,27.68,0,0,1,1,1
2024-11-30 21:00:00,26.6,0,0,1,1,1
2024-11-30 22:00:00,25.25,0,0,1,1,1
2024-11-30 23:00:00,24.35,0,0,1,1,1
